"lang_iso_code","sk"
"lang_alphabet","A;Á;Ä;B;C;Č;D;Ď;Dz;Dž;E;É;F;G;H;Ch;I;Í;J;K;L;Ĺ;Ľ;M;N;Ň;O;Ó;Ô;P;R;Ŕ;S;Š;T;Ť;U;Ú;V;Y;Ý;Z;Ž"
"smscurrency","EUR"
"All years","Všetky roky"
"About","O nás"
"Mage SMS module 2013-%s, version ","Mage SMS modul 2013-%s, verzia "
"Copyright © TOPefekt s.r.o., All rights reserved","Copyright © TOPefekt s.r.o., Všetky práva vyhradené"
"Developer:","Vývojár:"
"TOPefekt s.r.o.","TOPefekt s.r.o."
"Address:","Adresa:"
"B. Nemcove 767/13","B. Němcové 767/13"
"78701 Sumperk","78701 Šumperk"
"Czech Republic","Česká Republika"
"VAT: CZ29444268","DIČ: CZ29444268"
"Office Telephone:","Telefón:"
"+420 581 110 998","+420 581 110 998"
"E-mail:","E-mail:"
"sales@topefekt.com","sales@topefekt.com"
"support@topefekt.com","support@topefekt.com"
"Web:","Web:"
"www.mage-sms.com","www.mage-sms.com"
"www.mage-sms.com/","www.mage-sms.com/sk/index.html"
"Admin SMS","Admin SMS"
"Select events during which shall be shop administrators notified via SMS and customize text of messages.","Vyberte udalosti, pri ktorých budú administrátori obchodu upozornení SMS správou a definujte text týchto správ."
"Unicode SMS","Unicode SMS"
"unicode","unicode"
"Check only if you want to use Chinese, Arabic, Greek, Hebrew, Korean, Cyrillic, etc. or diacritic in the text of your SMS message (Unicode text allows you to insert characters in all fonts and various other symbols simultaneously. Number of characters in one SMS will be reduced to 70).","Zaškrtnite iba ak chcete v správe použiť diakritiku alebo jazyky ako je čínština, arabčina, gréčtina, hebrejčina, kórejčina, apod. (Unicode umožňuje použiť súčasne rôzne fonty a symboly. Počet znakov v jednej Unicode správe je 70)."
"Save","Uložiť"
"Sending notifications via SMS is ACTIVE","Odosielanie sms notifikácií je AKTÍVNE."
"Sending notifications via SMS is NOT ACTIVE. To activate SMS sending check at least one administrator.","Odosielanie sms notifikácií NIE JE AKTÍVNE. Odosielanie SMS aktivujete zaškrtnutím aspoň jedného administrátora."
"Update of order status","Aktualizácia stavu objednávky"
"Account","Účet"
"Product","Produkt"
"Order status","Stav objednávky"
"Order","Objednávka"
"Admin SMS - not active","Admin SMS - neaktívny"
"Please add at least one administrator!","Prosím pridajte aspoň jedného administrátora!"
"User profile is not active! To register click on the SMS tab in the main menu. Module will display you screen for entering registration data. If you have used our module in the past and you know your username and password, fill in form for existing account. Otherwise fill in your email, accept the license terms and click register.","Užívateľský profil nie je aktívny! Zaregistrujte sa kliknutím na záložku SMS v hlavnom menu. Modul Vám zobrazí registračný formulár.Ak ste už modul v minulosti používali a poznáte Vaše užívateľské meno a heslo, vyplňte formulár pre existujúci účet. V opačnom prípade zadajte email, odsúhlaste licenčné podmienky a kliknite na ""Registrovať""."
"Invalid SMS text","Neplatný text SMS správy"
"Text of SMS was saved.","Text SMS správy bol uložený."
"Unicode saved.","Unicode uložený."
"char","Znak"
"chars","Znakov"
"label","Štítok"
"SMS text","SMS text"
"total sms:","celkom sms:"
"Enter SMS text","Zadajte text SMS správy"
"Preview","Náhľad"
"Administrators","Adminstrátori"
"Save","Uložiť"
"Cancel","Zrušiť"
"Restore unsaved changes to its original state.","Vráti neuložené zmeny do pôvodného stavu."
"User profile - not active","Užívateľský profil - neaktívny"
"User profile - active","Užívateľský profil - aktívny"
"New user account","Nový užívateľský účet"
"Not registered yet? Create account now!","Ešte ste sa neregistrovali? Vytvorte si účet teraz!"
"Email:","Email:"
"Company name:","Meno firmy:"
"Street:","Ulica:"
"City:","Mesto:"
"ZIP:","PSČ:"
"Country:","Štát:"
"Company ID:","IČO:"
"Company VAT:","IČ DPH:"
"Referer ID:","Referer ID:"
"View licence terms:","Zobraziť licenčné podmienky:"
"I agree","Súhlasím"
"I dont agree","Nesúhlasím"
"Register","Registrovať"
"Required field","Požadované pole"
"Sign in","Prihlásiť"
"If You already have an account, please sign in.","Ak už máte založený účet, prosím prihláste sa"
"Username:","Užívateľ:"
"Password:","Heslo:"
"Log in","Prihlásiť"
"Edit user account","Upraviť užívateľský účet"
"Save","Uložiť"
"User account info","Informácie o užívateľskom účte"
"SMS Credit:","SMS kredit:"
"Add administrators","Pridať administrátora"
"Name:","Meno:"
"Mobile number:","Mobil:"
"Edit","Upraviť"
"Add","Pridať"
"Other settings","Ďalšie nastavenie"
"Simulate SMS sending:","Simulovať odoslanie SMS:"
"Allows to test sending of SMS in modul and to view sent SMS in SMS history with a special status.","Umožňuje testovať odoslanie SMS a zobraziť testovaciu SMS v záložke História SMS."
"Delete database:","Zmazať databázu:"
"Allows to decide if current SMS settings and database of sent SMS shall be stored when uninstalling SMS module.","Umožňuje rozhodnúť sa, či zachovať aktuálne nastavenie a databázu odoslaných SMS v prípade odinštalovania modulu SMS-Prestashop."
"Delivery reports:","Informácie o doručení (DR):"
"Allows to see delivery reports of SMS in SMS history Tab.","Zobrazí informáciu o doručení v záložke História SMS."
"Low credit alert:","Upozornenie na nízky kredit:"
" Allows to receive email when your SMS credit is low.","Umožňuje obdržať email v prípade, že Váš SMS kredit je nízky."
"Email for delivery reports:","Email pre príjem doručeniek:"
"Allows to receive email with delivery report of SMS.","Umožňuje obdržať email so správou o doručení SMS."
"Admin was created.","Správca bol vytvorený."
"You have to agree with licence terms.","Musíte odsúhlasiť licenčné podmienky."
"Account was created.","Registrace byla úspěšná. Do Vaší mailové schránky jsme Vám zaslali email pro potvrzení Vaší adresy a získání 5 kreditů zdarma."
"you can add another account after ","Ďalší účet môžete pridať za "
"minutes"," minút"
"can not connect to SMS server","nie je možné sa pripojiť k SMS serveru"
"You were succesfully loged in.","Boli ste úspěšne prihlásený."
"error","chyba"
"login error","chyba prihlásenia"
"Invalid e-mail for delivery report.","Neplatný email pre správy o doručení."
"Invalid e-mail","Neplatný e-mail"
"Account was changed.","Účet bol zmenený."
"Account was changed, but module URL for DR does not answer.","Účet bol zmenený, ale URL modulu pre správy o doručení neodpovedá."
"you can change account after ","Účet bude možné zmeniť za "
" seconds"," sekúnd"
"Invalid name","Neplatné meno"
"Invalid number","Neplatné číslo"
"Admin was changed.","Správca bol zmenený."
"Admin was deleted.","Správca bol zmazaný."
"no changes were made","neboli vykonané žiadne zmeny"
"Are you sure to delete","Naozaj si želáte odstrániť"
"DELETE administrator","ODSTRÁNIŤ správcu"
"EDIT administrator","UPRAVIŤ správcu"
"in international format, no leading zeros or a “+” sign, e.g., 447971796595","v medzinárodnom formáte, bez núl alebo znamienka “+” , napr., 421903123456"
"(when uninstall)","(pri odinštalovaní)"
"(0 = no alert)","(0 = bez upozornenia)"
"Fill in username and password.","Zadajte užívateľské meno a heslo"
"Customer SMS - ","Zákaznícke SMS - "
"Customer SMS - not active","Zákaznícke SMS - neaktívne"
"default","pôvodné"
" language version"," jazyková verzia"
"Select events during which shall be customer notified via SMS and customize text of messages. You can also add a new language version of SMS messages for each country separately. In countries with undefined language version will be used default language version.","Vyberte udalosti, pri ktorých bude zákazník upozornený SMS správou a definujte text týchto správ. Pre rôzne štáty môžete taktiež vytvárať rôzne jazykové mutácie SMS správ. Pri štátoch s nedefinovanou mutáciou bude použitá pôvodná verzia."
"Add SMS text version","Pridať jazykovú mutáciu"
"Select country: ","Vyberte štát: "
"Unicode SMS","Unicode SMS"
"Check only if you want to use Chinese, Arabic, Greek, Hebrew, Korean, Cyrillic, etc. or diacritic in the text of your SMS message (Unicode text allows you to insert characters in all fonts and various other symbols simultaneously. Number of characters in one SMS will be reduced to 70).","Zaškrtnite iba ak chcete v správe použiť diakritiku alebo jazyky ako je čínština, arabčina, grečtina, hebrejčina, kórejčina, apod. (Unicode umožňuje použiť súčasne rôzne fonty a symboly. Počet znakov v jednej Unicode správe je 70)."
"Order status","Stav objednávky"
"Sending notifications via SMS is ACTIVE","Odosielanie sms notifikácií je AKTÍVNE."
"Sending notifications via SMS is NOT ACTIVE. To activate SMS sending check „Active“ in desired status detail.","Odosielanie sms notifikácií NIE JE AKTÍVNE. Odosielanie SMS aktivujete zaškrtnutím „Aktívne“ v detaile požadovaného stavu."
" Update of order status "," Aktualizácia stavu objednávky "
"Account","Účet"
"User profile is not active! To register click on the SMS tab in the main menu. Module will display you screen for entering registration data. If you have used our module in the past and you know your username and password, fill in form for existing account. Otherwise fill in your email, accept the license terms and click register.","Užívateľský profil nie je aktívny! Zaregistrujte sa kliknutím na záložku SMS v hlavnom menu. Modul Vám zobrazí registračný formulár.Ak ste už modul v minulosti používali a poznáte Vaše užívateľské meno a heslo, vyplňte formulár pre existujúcí účet. V opačnom prípade zadajte email, odsúhlaste licenčné podmienky a kliknite na ""Registrovať""."
"Invalid SMS text","Neplatný text SMS správy"
"Text of SMS was saved.","Text SMS správy bol uložený."
"SMS text version was deleted.","Jazyková mutácia bola odstránená."
"Are you sure to delete","Naozaj si želáte odstrániť"
"DELETE language version","ODSTRÁNIŤ jazykovú mutáciu"
"SMS text","Text SMS správy"
"unicode","unicode"
"SMS text version for ","Jazyková mutácia pre "
" was saved"," bola uložená"
"Preview","Náhľad"
"Active","Aktívne"
"Save","Uložiť"
"Cancel","Zrušiť"
"total sms:","celkom sms:"
"EDIT language version","UPRAVIŤ jazykovú mutáciu"
"Edit","Upraviť"
"Add","Pridať"
"Order","Objednávka"
"Chars","Znakov"
"Unicode was saved.","Unicode bol uložený."
"Restore unsaved changes to its original state.","Vráti neuložené zmeny do pôvodného stavu."
"Purchase Credit","Kúpiť kredit"
"Purchase Credit - not active","Kúpiť kredit - neaktívne"
"User profile is not active! To register click on the SMS tab in the main menu. Module will display you screen for entering registration data. If you have used our module in the past and you know your username and password, fill in form for existing account. Otherwise fill in your email, accept the license terms and click register.","Užívateľský profil nie je aktívny! Zaregistrujte sa kliknutím na záložku SMS v hlavnom menu. Modul Vám zobrazí registračný formulár.Ak ste už modul v minulosti používali a poznáte Vaše užívateľské meno a heslo, vyplňte formulár pre existujúcí účet. V opačnom prípade zadajte email, odsúhlaste licenčné podmienky a kliknite na ""Registrovať""."
" In case methods for credit purchase are not displayed properly, please click here:","V prípade, že se Vám nezobrazuje výber možností dobitia kreditu, kliknite, prosím, tu:"
"Bulk SMS text","Text hromadné SMS správy"
"Add recipients ","Pridajte príjemcu "
"Add one or more recipients separated by commas. Number must be in international format, no leading zeros or “+“ sign.","Pridajte jedného alebo viac príjemcov oddelených čiarkou. Číslo musí byť v mezinárodnom formáte, bez núl alebo znamienka “+” , napr., 421903123456"
" (e.g. 447971796595)"," (napr.: 421903123456)"
"Enter SMS text","Vložte text SMS správy"
"Add recipients in CSV file ","Pridajte príjemcu v CSV súbore "
"CSV file - 1 column, 1st column - number (Number must be in international format, no leading zeros or “+“ sign; e.g. 447971796595)","CSV súbor - 1 stĺpec, 1.stĺpec - číslo (Číslo musí byť v mezinárodnom formáte, bez núl alebo znamienka “+” , napr., 421903123456)"
" Unicode "," Unicode "
"Check only if you want to use Chinese, Arabic, Greek, Hebrew, Korean, Cyrillic, etc. or diacritic in the text of your SMS message (Unicode text allows you to insert characters in all fonts and various other symbols simultaneously. Number of characters in one SMS will be reduced to 70).","Zaškrtnite iba ak chcete v správe použiť diakritiku alebo jazyky ako je čínština, arabčina, grečtina, hebrejčina, kórejčina, apod. (Unicode umožňuje použiť súčasne rôzne fonty a symboly. Počet znakov v jednej Unicode správe je 70)."
"Your time: ","Váš čas: "
"Time: ","Čas: "
"time zone: ","časová zóna: "
"time zone settings","nastavenie časovej zóny"
"Text is too long","Text je príliš dlhý"
"Send SMS","Odoslať SMS"
"Send","Odoslať"
"Send SMS or bulk SMS. Enter mobile numbers or upload CSV file.","Odosielánie SMS alebo hromadných SMS. Vložte telefónne čísla alebo nahrajte CSV súbor."
"Send SMS - not active","Odoslať SMS - neaktívne"
"User profile is not active! To register click on the SMS tab in the main menu. Module will display you screen for entering registration data. If you have used our module in the past and you know your username and password, fill in form for existing account. Otherwise fill in your email, accept the license terms and click register.","Užívateľský profil nie je aktívny! Zaregistrujte sa kliknutím na záložku SMS v hlavnom menu. Modul Vám zobrazí registračný formulár.Ak ste už modul v minulosti používali a poznáte Vaše užívateľské meno a heslo, vyplňte formulár pre existujúcí účet. V opačnom prípade zadajte email, odsúhlaste licenčné podmienky a kliknite na ""Registrovať""."
"Fill in SMS text.","Vyplňte text SMS správy"
"SMS text is too long (max. 612 characters).","Text SMS správy je príliš dlhý (max. 612 znakov)."
"SMS text is too long (max. 268 unicode characters).","Text SMS správy je príliš dlhý (max. 268 unicode znakov)."
"Wrong time of SMS sending.","Nesprávny čas odoslania SMS."
"Recipients found: 0","Nájdených príjemcov: 0"
"You do not have enough credit to send SMS to all ","Nemáte dostatočný kredit na odoslanie SMS správy všetkým "
" recipients."," príjemcom."
"SMS was sent.","Správa SMS bola odoslaná."
"SMS was saved.","Správa SMS bola uložená."
"wrong number or unavailable","Nesprávne alebo nedostupné číslo"
"unauthorized senderID in confirmation sms","neautorizované ID odosielateľa v potvrdzovacej SMS"
"low credit for sending sms","Nízky kredit pre odoslanie SMS správy"
"unicode is not supported","unicode nie je podporovaný"
"login error","chyba prihlásenia"
"can not connect to SMS server","nie je možné sa pripojiť k SMS serveru"
"SMS SIMULATION (Sending of SMS was simulated. Recipient will not receive SMS)","SMS SIMULÁCIA (Odoslanie SMS bolo simulované. Príjemca neobdrží SMS správu.)"
"SMS was sent (simulation).","SMS bola odoslaná (simulácia)."
"error","chyba"
" Send later "," Odoslať neskôr "
"Characters: ","Znakov: "
"1hr","1hod"
"Date: ","Dátum: "
"SMS Answers","SMS Odpovede"
"SMS answer from customer is displayed only when customer receives SMS from your shop with SMS sender type „System number“ and customer replies using his own mobile phone.","SMS odpoveď od zákazníka je zobrazená iba ak zákazník z Vašeho obchodu obdrží SMS s typom odosielateľa ""systémové číslo"" a zákazník odpovie z rovnakého telefónneho čísla."
"Show","Ukázať"
"Search results ","Výsledok hľadania "
" of "," z "
"SMS center","SMS centrum"
"Date","Dátum"
"From number","Z čísla"
"new","nový"
"Previous","Predchádzajúci"
"Next","Ďalší"
" Page: "," Strana: "
"SMS Answers - not active","SMS Odpovede - neaktívne"
"User profile is not active! To register click on the SMS tab in the main menu. Module will display you screen for entering registration data. If you have used our module in the past and you know your username and password, fill in form for existing account. Otherwise fill in your email, accept the license terms and click register.","Užívateľský profil nie je aktívny! Zaregistrujte sa kliknutím na záložku SMS v hlavnom menu. Modul Vám zobrazí registračný formulár.Ak ste už modul v minulosti používali a poznáte Vaše užívateľské meno a heslo, vyplňte formulár pre existujúcí účet. V opačnom prípade zadajte email, odsúhlaste licenčné podmienky a kliknite na ""Registrovať""."
"year","rok"
"month","mesiac"
"SMS","SMS"
"Text:","Text:"
"Total SMS answers: 0","Celkom SMS odpovedí: 0"
"SENT to recipient","ODOSLANÉ príjemcovi"
"ERROR","CHYBA"
"DELIVERED to recipient","DORUČENÉ príjemcovi"
"RECIPIENT UNAVAILABLE","PRÍJEMCA NEDOSTUPNÝ"
"SMS History","SMS História"
"History of sent SMS from SMS module.","História odoslaných SMS správ z SMS modulu."
" admin sms"," admin sms"
" customer sms"," zákaznícke sms"
" marketing sms"," marketingové sms"
" simple sms"," jednoduché sms"
"Show","Ukázať"
"Search results ","Výsledok hľadania "
" of "," z "
"Type","Typ"
"Date","Dátum"
"SMS subject","SMS predmet"
"Number","Číslo"
"yes","áno"
"no","nie"
"system number","systémové číslo"
"Credit balance:","Stav účtu:"
"Display customer detail","Zobraziť detail zákazníka"
"Text:","Text:"
"Total SMS:","Celkom SMS:"
"SMS History - not active","SMS História - neaktívne"
"User profile is not active! To register click on the SMS tab in the main menu. Module will display you screen for entering registration data. If you have used our module in the past and you know your username and password, fill in form for existing account. Otherwise fill in your email, accept the license terms and click register.","Užívateľský profil nie je aktívny! Zaregistrujte sa kliknutím na záložku SMS v hlavnom menu. Modul Vám zobrazí registračný formulár.Ak ste už modul v minulosti používali a poznáte Vaše užívateľské meno a heslo, vyplňte formulár pre existujúcí účet. V opačnom prípade zadajte email, odsúhlaste licenčné podmienky a kliknite na ""Registrovať""."
"SMS price in credits:","Cena v kreditoch:"
"year","rok"
"month","mesiac"
"Status","Stav"
"Recipient","Príjemca"
"Unicode:","Unicode:"
"senderID:","Číslo odosielateľa:"
"Previous","Predchádzajúci"
"Next","Ďalší"
" Page: "," Strana: "
"Total SMS: 0","Celkom SMS: 0"
"SMS","SMS"
"SMS Marketing - bulk SMS text","SMS Marketing - text hromadnej SMS správy"
"Enter SMS text","Vložte text SMS správy"
" Unicode "," Unicode "
"Check only if you want to use Chinese, Arabic, Greek, Hebrew, Korean, Cyrillic, etc. or diacritic in the text of your SMS message (Unicode text allows you to insert characters in all fonts and various other symbols simultaneously. Number of characters in one SMS will be reduced to 70).","Zaškrtnite iba ak chcete v správe použiť diakritiku alebo jazyky ako je čínština, arabčina, grečtina, hebrejčina, kórejčina, apod. (Unicode umožňuje použiť súčasne rôzne fonty a symboly. Počet znakov v jednej Unicode správe je 70)."
" Send later "," Odoslať neskôr "
"Your time: ","Váš čas: "
"Total customers:","Celkom zákazníkov:"
"Total SMS:","Celkom SMS:"
"SMS Marketing - bulk SMS filter","SMS Marketing - filter hromadných SMS"
"All customers","Všetci zákazníci"
"company customers","Firemní zákazníci"
"private customers","Súkromné osoby"
"All countries","Všetky štáty"
"Last name:","Priezvisko:"
"First name:","Meno:"
"Last name","Priezvisko"
"First name","Meno"
"Groups:","Skupiny:"
"All","Všetky"
"Gender:","Pohlavie:"
"Male","Muž"
"Female","Žena"
"Newsletter:","Novinky:"
"Yes","Áno"
"No","Nie"
"Apply filter","Použiť filter"
"Date of birth from: ","Dátum narodenia od: "
"to: ","do: "
"Date of registration from: ","Dátum registrácie od: "
"Customers found: ","Nájdených zákazníkov: "
"results","zobrazených"
"Action","Akcia"
"Mobile number","Telefónne číslo"
"Customer ID","Číslo zákazníka"
"REMOVE customer from this list","ODSTRÁNIŤ zákazníka z tohoto zoznamu"
"Next","Ďalší"
"Previous","Predchádzajúci"
" Page: "," Strana: "
"SMS Marketing - customers found: ","SMS Marketing - nájdených zákazníkov: "
"Write text of message and use advanced filter to target your marketing campaign.","Napíšte text správy a využite pokročilé filtre k zacieleniu Vašej marketingovej kampane."
"Marketing SMS","Marketing SMS"
"SMS Marketing - not active","SMS Marketing - neaktívne"
"User profile is not active! To register click on the SMS tab in the main menu. Module will display you screen for entering registration data. If you have used our module in the past and you know your username and password, fill in form for existing account. Otherwise fill in your email, accept the license terms and click register.","Užívateľský profil nie je aktívny! Zaregistrujte sa kliknutím na záložku SMS v hlavnom menu. Modul Vám zobrazí registračný formulár.Ak ste už modul v minulosti používali a poznáte Vaše užívateľské meno a heslo, vyplňte formulár pre existujúcí účet. V opačnom prípade zadajte email, odsúhlaste licenčné podmienky a kliknite na ""Registrovať""."
"Fill in SMS text","Vyplňte text SMS správy."
"SMS text is too long (max. 612 characters).","Text SMS správy je príliš dlhý (max. 612 znakov)."
"SMS text is too long (max. 268 unicode characters).","Text SMS správy je príliš dlhý (max. 268 unicode znakov)."
"Customers found: 0","Nájdených zákazníkov: 0"
"Wrong time of SMS sending.","Nesprávny čas odoslania SMS."
"You do not have enough credit to send SMS to all ","Nemáte dostatočný kredit na odoslanie SMS správy všetkým "
" customers."," zákazníkom."
"SMS was sent.","Správa SMS bola odoslaná."
"SMS was saved.","Správa SMS bola uložená."
"wrong number or unavailable","Nesprávne alebo nedostupné číslo"
"unauthorized senderID in confirmation sms","neautorizované ID odosielateľa v potvrdzovacej SMS"
"low credit for sending sms","nízky kredit pre odoslanie SMS správy"
"unicode is not supported","unicode nie je podporovaný"
"can not connect to SMS server","nie je možné sa pripojiť k SMS serveru"
"SMS SIMULATION (Sending of SMS was simulated. Recipient will not receive SMS)","SMS SIMULÁCIA (Odoslanie SMS bolo simulované. Príjemca neobdrží SMS správu.)"
"SMS was sent (simulation).","SMS bola odoslaná (simulácia)."
"error","chyba"
"login error","chyba prihlásenia"
"Date:","Dátum:"
"Time: ","Čas: "
"1hr","1hod"
"time zone: ","časová zóna: "
"time zone settings","nastavenie časovej zóny"
"Send","Odoslať"
"Characters: ","Znakov: "
"Text is too long","Text je príliš dlhý"
"Type:","Typ:"
"Country:","Štát:"
"City:","Mesto:"
"Advert:","Reklama:"
"Store:","Obchod:"
"All stores","Všetky obchody"
"Presta SMS","Presta SMS"
"presta-sms.com - send SMS from your Prestashop!","presta-sms.com - odosielajte SMS správy z Vašeho Prestashopu!"
"Admin SMS","Admin SMS"
"Customer SMS","Zákaznícke SMS"
"SMS Settings","Nastavenie SMS"
"SMS History","História SMS"
"Purchase Credit","Kúpiť kredit"
"Marketing SMS","Marketingové SMS"
"SMS Answers","SMS Odpovede"
"Send SMS","Odoslať SMS"
"About","O nás"
"wrong number or unavailable","Nesprávne alebo nedostupné číslo"
"unauthorized senderID in confirmation sms","neautorizované ID odosielateľa v potvrdzovacej SMS"
"low credit for sending sms","nízky kredit pre odoslanie SMS správy"
"unicode is not supported","unicode nie je podporovaný"
"login error","chyba prihlásenia"
"can not connect to SMS server","nízky kredit pre odoslanie SMS správy"
"SMS SIMULATION (Sending of SMS was simulated. Recipient will not receive SMS)","SMS SIMULÁCIA (Odoslanie SMS bolo simulované. Príjemca neobdrží SMS správu.)"
"unknown mobile number","neznámé číslo"
"not connected to SMS server","nepripojené k SMS serveru"
"Bank wire","Bankový prevod"
"Company Name","Názov firmy"
"Country","Štát"
"City","Mesto"
"qty","množstvo"
"qty reinjected","zrusene mnozstvo"
"qty returned","vratene mnozstvo"
"name","nazov"
"not found","nenájdené"
"SMS Settings - Select Own number sender ID for ","Nastavenie SMS - Vyberte vlastné číslo odosielateľa pre "
"Own number sender ID settings","Nastavenie vlastného čísla odosielateľa"
"own number sender ID","Vlastné číslo odosielateľa"
"Existing Own number:","Existujúce vlastné číslo:"
"New Own number sender ID:","Nové vlastné číslo odosielateľa:"
"in international format, no leading <br />zeros or a “+” sign, e.g., 447971796595","v medzinárodnom formáte, bez núl alebo znamienka “+” , napr., 421903123456"
"SMS code:","SMS kód:"
"CONFIRM","POTVRDIŤ"
"Required field","Požadované pole"
"SMS Settings - Select Text sender ID for ","Nastavenie SMS - Vyberte textového odosielateľa pre "
"Text sender ID settings","Nastavenie textového odosielateľa"
"Existing Text sender ID:","Existujúci textový odosielateľ:"
"New Text sender ID:","Nový textový odosielateľ:"
"max. 11 characters","max. 11 znakov"
"SMS Settings","Nastavenie SMS"
"Define SMS Sender Type for each country separately (Text sender ID, Own mobile number or System number). SMS price depends on the recipient country, selected SMS sender type and amount of payment. In countries with undefined SMS sender type will be used System number sender type.","Definujte typ odosielateľa pre každý štát. (textový odosielateľ, vlastné mobilné číslo alebo systémové číslo). Cena SMS správy závisí na štáte príjemcu, zvolenom type odosielateľa a výšky platby. Pri štátoch s nedefinovaným typom odosielateľa bude použité systémové číslo."
"Customer SMS settings","Nastavenie zákazníckych SMS"
"ADD/CHANGE SELECTED COUNTRY","PRIDAŤ/ZMENIŤ ZVOLENÝ ŠTÁT"
"SENDER TYPE","TYP ODOSIELATEĽA"
"NETWORK","SIEŤ"
"SMS PRICE<br />IN CREDITS","CENA SMS V KREDITOCH"
"SMS PRICE IN EUR (excl. VAT)","CENA SMS V EUR (bez DPH)"
"payment","platba"
"Unicode ","Unicode "
"Unicode characters support (Unicode allows you to enter characters in all fonts and various symbols simultaneously. Is used for Chinese, Arabic, Greek, Hebrew, Korean, Cyrillic, etc. or diacritic in the text of your SMS message)","Podpora znakovej sady Unicode (Unicode umožňuje použiť súčasne rôzné fonty, symboly a diakritiku. Je využívaný pre jazyky ako je čínština, arabčina, gréčtina, hebrejčina, kórejčina, apod.)"
"TEXT SENDER ID","TEXTOVÉ ČÍSLO ODOSIELATEĽA"
"Text sender ID","Textové číslo odosielateľa"
"SYSTEM NUMBER","SYSTÉMOVÉ ČÍSLO"
"OWN NUMBER SENDER ID","VLASTNÉ ČÍSLO ODOSIELATEĽA"
"SIM HOSTING","SIM HOSTING"
"UNICODE SUPPORTED","UNICODE PODPOROVANÝ"
"UNICODE NOT SUPPORTED","UNICODE NEPODPOROVANÝ"
"SAVE SMS SETTINGS","ULOŽIŤ NASTAVENIE SMS"
"Are you sure to delete","Naozaj si želáte odstrániť"
"Select country: ","Vyberte štát: "
"SMS settings - not active","Nastavenie SMS - neaktívne"
"User profile is not active! To register click on the SMS tab in the main menu. Module will display you screen for entering registration data. If you have used our module in the past and you know your username and password, fill in form for existing account. Otherwise fill in your email, accept the license terms and click register.","Užívateľský profil nie je aktívny! Zaregistrujte sa kliknutím na záložku SMS v hlavnom menu. Modul Vám zobrazí registračný formulár.Ak ste už modul v minulosti používali a poznáte Vaše užívateľské meno a heslo, vyplňte formulár pre existujúcí účet. V opačnom prípade zadajte email, odsúhlaste licenčné podmienky a kliknite na ""Registrovať""."
"error","chyba"
"can not connect to SMS server","nie je možné sa pripojiť k SMS serveru"
" was deleted."," bol vymazaný."
"choose sender type","zvoľte typ odosielateľa"
" was saved."," bol uložený."
"fill in own number sender ID","vyplňte vlastné číslo odosielateľa"
"own number sender ID must be number","Vlastné číslo odosielateľa musí byť číslo"
"correctly confirm sms code","potvrďte správne sms kód"
"Own number sender ID for ","Vlastné číslo odosielateľa pre "
" was saved."," bolo uložené."
"error - ","chyba - "
"login error","chyba prihlásenia"
"Now retype SMS code.","Teraz prepíšte sms kód."
"Now retype SMS code. SMS will be send in next 60 seconds.","Teraz prepíšte sms kód. SMS správa bude odoslaná v následujúcich 60 sekundách."
"error - wrong number or unavailable","chyba - nesprávne alebo nedostupné číslo"
"error - unauthorized senderID in confirmation sms","chyba - neautorizované ID odosielateľa v potvrdzovacej SMS"
"error - low credit for sending validation SMS","chyba - nízky kredit pre odoslanie validačnej SMS správy"
"fill in text sender ID","Vyplňte textové číslo odosielateľa"
"fill in text sender ID, 3-11 characters","Vyplňte textové číslo odosielateľa, 3-11 znakov"
"possible characters: ","použiteľné znaky: "
"text sender ID can't be number","textové číslo odosielateľa nesmie byť číslo"
"Text sender ID for ","Textové číslo odosielateľa pre "
"Admin SMS settings","Nastavenie Admin SMS"
"VALIDATE","VALIDOVAŤ"
"SMS validation","SMS validácia"
"Confirmation code: ","Kod: "
"Update pricelist","Aktualizovať cenu"
"e.g.:","napr.:"
"Pricelist was successfully updated.","Cenník bol úspešne aktualizovaný."
"edit","editovať"
"delete","zmazať"
"Your online stores","Vaše internetové obchody"
"SMS opt-out","SMS opt-out"
"SMS opt-out - setting SMS opt-out option from the cart and SMS charging","SMS opt-out - nastavenie odhlásenia SMS upozornenia z košíka a spoplatnenie SMS"
"Select an online store for which you want to set in the cart option to unsubscribe SMS notifications, setup cost of SMS messages and define the text that is displayed to the customer in the cart.","Zvoľte internetový obchod, pre ktorý si prajete nastaviť, aby mal zákazník v košíku možnosť odhlásiť SMS upozornenia, nastavte cenu SMS správ a definujte text, ktorý sa zobrazí zákazníkovi v košíku."
"For sending SMS prefer phone nr. from:","Pre odosielanie SMS preferuj tel. číslo z:"
"invoice address","fakturačnej adresy"
"delivery address","dodacej adresy"
"Price of SMS","Cena SMS správ"
"Text displayed in the cart","Text zobrazený v košíku"
"Activate displaying SMS opt-out feature in the cart","Aktivuj zobrazenie SMS opt-out funkcie v košíku"
"SMS opt-out is ACTIVE","SMS opt-out je AKTÍVNE"
"SMS opt-out is NOT ACTIVE. To activate SMS opt-out check the checkbox „Activate displaying SMS opt-out feature in the cart“","SMS opt-out NIE JE AKTÍVNE. SMS opt-out aktivujete zaškrtnutím „Aktivuj zobrazenie SMS opt-out funkcie v košíku“"
"Setting of the SMS opt-out feature was successfully changed","Nastavenie funkcie SMS opt-out bolo úspešne zmenené"
"Price of SMS messages has changed in the following countries:","Zmena ceny SMS správ pri nasledujúcich štátov:"
"New version available for download:","K dispozícii je nová verzia:"
"Manual:","Manuál (CZ):"
"www.mage-sms.com/manual.html","www.mage-sms.com/cz/index.html"
"Supported Magento versions:","Podporovaná verzia Magenta:"
"Contact form","Kontaktný formulár"
"Remove duplicate numbers","Odstrániť duplicitné čísla"
"Registration type:","Typ účtu:"
"Personal","Osobný"
"Business","Podnikateľský"
"Address","Adresa"
"Billing information","Fakturačné údaje"
"Contact person","Kontaktná osoba"
"Enter the name of the company.","Vyplňte meno firmy."
"Invalid VAT","nesprávne DIČ"
"Statistics","Štatistika"
"Statistics - not active","Štatistika - nie je aktívna"
"day","deň"
"Date from:","Dátum od:"
"to:","do:"
"Removed Customers: ","Odobratý zákazníci: "
"More...","Viac..."
"Saved Filters","Uložené filtre"
"Save filter","Uložiť filter"
"Reset filter","Vynulovať filter"
"Filter Name","Názov filtra"
"Date","Dátum uloženia"
"Filter has been applied.","Filter bol aplikovaný."
"Filter has been saved.","Filter bol uložený."
"Filter has been reset.","Filter bol vynulovaný."
"Are you sure you want to reset the filter?","Naozaj chcete filter vynulovať?"
"Are you sure you want to remove the filter?","Naozaj chcete filter zmazať?"
"No filter has been found.","Žiadny filter nebol nájdený."
"Processing...","Spracovávam..."
"Saved Templates","Uložené šablóny"
"Save template","Uložiť šablónu"
"Template Name","Názov šablóny"
"Template has been loaded.","Šablóna bola načítaná."
"Template has been saved.","Šablóna bola uložená."
"Are you sure you want to remove the template?","Naozaj chcete šablónu zmazať?"
"No template has been found.","Žiadna šablóna nebola nájdená."
"Virtual operators (MVNO)","Virtuálne operátori (MVNO)"
"Select coupon","Vybrať poukaz"
"Create coupon","Vytvoriť poukaz"
"Please Select","Prosím vyberte"
"SIMULATION","SIMULÁCIA"
"DELETED","ZMAZANÉ"
"SCHEDULED","NAPLÁNOVANÉ"
"DO NOT DISTURB registry (DND)","DO NOT DISTURB register (DND)"
"DUPLICATE","DUPLIKÁT"
"Add recipients in CSV(.csv, .txt) or vCARD(.vcf)","Pridajte príjemcu vo formáte CSV (.csv, .txt) alebo vCard (.vcf)"
"Returns","Reklamácie"
"We confirm we have received your request to claim the goods.","Potvrdzujeme Vam prijati poziadavky na reklamaciu."
"New claim from customer was received.","Bola prijata nova reklamacie."
"Status of a claim {return_id} has changed to ","Stav reklamacie {return_id} sa zmenil na "
". Info from {shop_name}.",". Info z {shop_name}."
"Dear Customer, status of your claim {return_id} has changed to ","Vazeny zakaznik, stav Vasej reklamacie {return_id} sa zmenil na "
". Have a nice day, {shop_name}.",". Pekny den, {shop_name}."
"ADD/CHANGE TEXT SENDER ID","PRIDAŤ/ZMENIŤ TEXTOVÉ ČÍSLO"
"Possible variables:","Použiteľné parametre:"
"Delete history","Zmazať históriu"
"Are you sure to delete SMS history?","Naozaj chcete zmazať SMS históriu?"
"SMS history was deleted.","SMS história byla zmazaná."
"Add SMS product to cart:","Pridávať SMS produkt do košíka:"
"Automatically","automaticky"
"Manually","manuálne"
"SMS opt-out - setting Marketing SMS opt-out option for the customer from the user profile","SMS opt-out – nastavenie odhlásenia Marketingových SMS z užívateľského profilu zákazníka"
"Activate displaying Marketing SMS opt-out feature in the user profile","Aktivuj zobrazenie opt-out funkcie pre Marketingové SMS v užívateľskom profile"
