"lang_iso_code","it"
"lang_alphabet","A;À;B;C;D;E;È;F;G;H;I;Ì;L;M;N;O;Ò;P;Q;R;S;T;U;Ù;V;Z"
"smscurrency","EUR"
"All years","Tutti gli anni"
"About","Riguardo il modulo"
"Copyright © TOPefekt s.r.o., All rights reserved","Copyright © TOPefekt s.r.o., Tutti i diritti riservati"
"Developer:","Developer:"
"TOPefekt s.r.o.","TOPefekt s.r.o."
"Address:","Indirizzo:"
"B. Nemcove 767/13","B. Nemcove 767/13"
"78701 Sumperk","78701 Sumperk"
"Czech Republic","Repubblica Ceca"
"VAT: CZ29444268","partita IVA: CZ29444268"
"Office Telephone:","Telefono Ufficio:"
"+420 581 110 998","+420 581 110 998"
"E-mail:","E-mail:"
"sales@topefekt.com","sales@topefekt.com"
"support@topefekt.com","support@topefekt.com"
"Web:","Web:"
"www.presta-sms.com","www.presta-sms.com"
"www.presta-sms.com/","www.presta-sms.com/it/index.html"
"Admin SMS","Admin SMS"
"Select events during which shall be shop administrators notified via SMS and customize text of messages.","Selezionare gli eventi durante i quali devono essere gli amministratori del negozio notificati via SMS e personalizzare il testo dei messaggi."
"Unicode SMS","Unicode SMS"
"unicode","unicode"
"Check only if you want to use Chinese, Arabic, Greek, Hebrew, Korean, Cyrillic, etc. or diacritic in the text of your SMS message (Unicode text allows you to insert characters in all fonts and various other symbols simultaneously. Number of characters in one SMS will be reduced to 70).","Selezionare solo se si desidera utilizzare cinese, arabo, greco, ebraico, coreano, cirillico, ecc o segni diacritici nel testo del messaggio SMS (testo Unicode consente di inserire caratteri in tutti i font e vari altri simboli contemporaneamente. Numero di caratteri in uno SMS sarà ridotto a 70)."
"Save","Salva"
"Sending notifications via SMS is ACTIVE","Invio di notifiche via SMS è ATTIVA"
"Sending notifications via SMS is NOT ACTIVE. To activate SMS sending check at least one administrator.","Invio di notifiche via SMS non è attivo. Per attivare l`invio di SMS segnare almeno un amministratore."
"Update of order status","Aggiornare stato dell`ordine"
"Account","Conto"
"Product","Prodotto"
"Order status","Stato di ordine"
"Order","Ordine"
"Admin SMS - not active","Admin SMS - non attivo"
"Please add at least one administrator!","Si prega di aggiungere almeno un amministratore!"
"User profile is not active! To register click on the SMS tab in the main menu. Module will display you screen for entering registration data. If you have used our module in the past and you know your username and password, fill in form for existing account. Otherwise fill in your email, accept the license terms and click register.","Profilo utente non è attivo! Per registrarti clicca sulla scheda SMS nel menu principale. Modulo ti visualizzata la schermata per l`inserimento dei dati di registrazione. Se hai gia utilizzato il nostro modulo in passato e ricordi il tuo nome utente e password, compila il modulo per il conto esistente. In caso contrario, inserisci la tua e-mail, accetti le condizioni di licenza e clica per registrarti."
"Invalid SMS text","SMS testo non valido"
"Text of SMS was saved.","Testo di SMS è stato salvato."
"Unicode saved.","Unicode salvato"
"char","char"
"chars","chars"
"label","etichetta"
"SMS text","testo di SMS"
"total sms:","sms totale:"
"Enter SMS text","testo SMS"
"Preview","Anteprima"
"Administrators","Amministratori"
"Save","Salva"
"Cancel","Anulla"
"Restore unsaved changes to its original state.","Ripristinare le modifiche non salvate allo stato originale."
"User profile - not active","Profilo utente - non attivo"
"User profile - active","Profilo utente - attivo"
"New user account","Nuovo conto di utente"
"Not registered yet? Create account now!","Non sei ancora registrato? Crea un account ora!"
"Email:","Email:"
"Company name:","Nome di società:"
"Street:","Strada:"
"City:","Città:"
"ZIP:","CAP:"
"Country:","Paese:"
"Company ID:","Codice fiscale:"
"Company VAT:","Codice IVA:"
"Referer ID:","Referer ID:"
"View licence terms:","Visualizza condizioni di licenza:"
"I agree","Accetto"
"I dont agree","Non accetto"
"Register","Registro"
"Required field","Campo obbligatorio"
"Sign in","Accedi"
"If You already have an account, please sign in.","Se hai già un account, accedi."
"Username:","Nome utente:"
"Password:","Password:"
"Log in","Log in"
"Edit user account","Modifica account utente"
"Save","Salva"
"User account info","Informazioni di profilo di utente"
"SMS Credit:","Credito di SMS:"
"Add administrators","Aggiungi amministratori"
"Name:","Nome:"
"Mobile number:","Numero di cellulare:"
"Edit","Modifica"
"Add","Aggiungi"
"Other settings","Altre impostazioni"
"Simulate SMS sending:","Simulare l`invio di SMS:"
"Allows to test sending of SMS in modul and to view sent SMS in SMS history with a special status.","Permette di provare l`invio di SMS in modulo e di visualizzare gli SMS inviati nella storia SMS con uno status speciale."
"Delete database:","Elimina database:"
"Allows to decide if current SMS settings and database of sent SMS shall be stored when uninstalling SMS module.","Permette di decidere se le attuali impostazioni SMS e il database di SMS inviati sono conservati durante la disinstallazione di SMS modulo Prestashop."
"Delivery reports:","Rapporti di consegna:"
"Allows to see delivery reports of SMS in SMS history Tab.","Consente di visualizzare i rapporti di consegna degli SMS in tabella storia SMS."
"Low credit alert:","Avviso di credito basso:"
" Allows to receive email when your SMS credit is low."," Permette di ricevere e-mail quando il tuo credito per gli SMS è basso."
"Email for delivery reports:","Indirizzo elettronico per la conferma della consegna:"
"Allows to receive email with delivery report of SMS.","Permette di ricevere e-mail con il rapporto di consegna degli SMS."
"Admin was created.","Amministratore è stato creato."
"You have to agree with licence terms.","Devi accettare i termini della licenza."
"Account was created.","La registrazione e avvenuta con successo. Nella Sua casella postale elettronica e stata inviata una email per l’autenticazione dell’indirizzo di posta elettronica e per l’ottenimento gratuito di 5 crediti."
"you can add another account after ","è possibile aggiungere un altro account dopo"
"minutes"," minuti"
"can not connect to SMS server","non di può connettere al SMS server "
"You were succesfully loged in.","Sei loged in."
"error","errore"
"Invalid e-mail for delivery report.","E-mail per avviso di recapito non e valido ."
"Invalid e-mail","E-mail non valido"
"Account was changed.","L`account è stato cambiato."
"Account was changed, but module URL for DR does not answer.","L`account è stato cambiato, ma l`URL di Modulo per DR non risponde."
"you can change account after ","Poi cambiare conto dopo "
" seconds"," secondi"
"Invalid name","Mome non valido"
"Invalid number","Numero non valido"
"Admin was changed.","Amministratore e stato camibato."
"Admin was deleted.","Amministratore e stato cancellato."
"no changes were made","non sono state fatte le modifiche"
"login error","login error"
"Are you sure to delete","Voi veramente eliminare"
"DELETE administrator","CANCELLA amministratore"
"EDIT administrator","MODIFICA amministratore"
"in international format, no leading zeros or a “+” sign, e.g., 447971796595","in formato internazionale, senza 0 o segno + , ad esempio, 393489877207"
"(when uninstall)","(quando si disinstalla)"
"(0 = no alert)","(0 = nessun allarme)"
"Fill in username and password.","Inserisci nome utente e password."
"Customer SMS - ","Clienti SMS - "
"Customer SMS - not active","Clienti SMS - non attivi"
" language version"," versione di lingua"
"Select events during which shall be customer notified via SMS and customize text of messages. You can also add a new language version of SMS messages for each country separately. In countries with undefined language version will be used default language version.","Selezionare gli eventi durante i quali devono essere clienti notificati via SMS e personalizzare il testo del messaggo. È inoltre possibile aggiungere una nuova versione lingua dei messaggi SMS per ogni paese separatamente. Nei paesi con lingua non definita verrà utilizzata la versione in lingua predefinita."
"Add SMS text version","Aggiungi versione di testo SMS"
"Select country: ","Seleziona il paese: "
"Unicode SMS","Unicode SMS"
"Check only if you want to use Chinese, Arabic, Greek, Hebrew, Korean, Cyrillic, etc. or diacritic in the text of your SMS message (Unicode text allows you to insert characters in all fonts and various other symbols simultaneously. Number of characters in one SMS will be reduced to 70).","Selezionare solo se si desidera utilizzare cinese, arabo, greco, ebraico, coreano, cirillico, ecc o segni diacritici nel testo del messaggio SMS (testo Unicode consente di inserire caratteri in tutti i font e vari altri simboli contemporaneamente. Numero di caratteri in uno SMS sarà ridotto a 70)."
"Order status","Stado di ordine"
"Sending notifications via SMS is ACTIVE","Invio di notifiche via SMS è ATTIVA"
"Sending notifications via SMS is NOT ACTIVE. To activate SMS sending check „Active“ in desired status detail.","Invio di notifiche via SMS non è attivo. Per attivare l`invio di SMS verificare â  Activeâ   in dettaglio lo stato desiderato."
" Update of order status "," Aggiornamento dello stato di ordine"
"Account","Conto"
"User profile is not active! To register click on the SMS tab in the main menu. Module will display you screen for entering registration data. If you have used our module in the past and you know your username and password, fill in form for existing account. Otherwise fill in your email, accept the license terms and click register.","Profilo utente non è attivo! Per registrarti clicca sulla scheda SMS nel menu principale. Modulo visualizza la schermata per l`inserimento dei dati di registrazione. Se era utilizzato il nostro modulo in passato e ricordi nome utente e password, compila il modulo di account. In caso contrario, inserire la tua e-mail, accetti le condizioni di licenza e clicca per registrazione."
"Invalid SMS text","SMS testo non valido"
"Text of SMS was saved.","Testo di SMS salvato."
"SMS text version was deleted.","Versione di testo SMS e stato cancellato."
"Are you sure to delete","Veramente cancellare?"
"DELETE language version","CANCELLARE versione di lingua"
"SMS text","SMS testo"
"unicode","unicode"
"SMS text version for ","SMS testo versione per "
" was saved"," e stato salvato"
"Preview","Anteprima"
"Active","Attivo"
"Save","Salva"
"Cancel","Cancella"
"total sms:","sms tottali:"
"EDIT language version","MODIFICA versione di lingua"
"default","default"
"Edit","Modifica"
"Add","Aggiungi"
"Order","Ordina"
"Chars","chars"
"Unicode was saved.","Unicode e stato salvato."
"Restore unsaved changes to its original state.","Ripristinare le modifiche non salvate allo stato originale."
"Purchase Credit","Acquisto credito"
"Purchase Credit - not active","Acquisto credito - non attivo"
"User profile is not active! To register click on the SMS tab in the main menu. Module will display you screen for entering registration data. If you have used our module in the past and you know your username and password, fill in form for existing account. Otherwise fill in your email, accept the license terms and click register.","Profilo utente non è attivo! Per registrarti clicca sulla scheda SMS nel menu principale. Modulo visualizzata la schermata per l`inserimento dei dati di registrazione. Se hai gia utilizzato il nostro modulo in passato e ricordi il tuo nome utente e password, compila il modulo per il conto esistente. In caso contrario, inserire la tua e-mail, accetti le condizioni di licenza e clicca per registrazione."
" In case methods for credit purchase are not displayed properly, please click here:","Nel caso i modi del pagamento non si visualizzano bene, cliccare qui:"
"Bulk SMS text","SMS di massa"
"Add recipients ","Aggiungere i destinatari"
"Add one or more recipients separated by commas. Number must be in international format, no leading zeros or “+“ sign.","Aggiungere uno o più destinatari separati con virgole. Numeri devono essere in formato internazionale, senza zeri iniziali o + segno."
" (e.g. 447971796595)"," (ad esempio 393489877207)"
"Enter SMS text","Inserire il testo SMS"
"Add recipients in CSV file ","Aggiungere i destinatari in file CSV"
"CSV file - 1 column, 1st column - number (Number must be in international format, no leading zeros or “+“ sign; e.g. 447971796595)","CSV file - 1 colonna, 1 ° colonna - il numero (in formato internazionale, senza 0 o segno + , ad esempio, 393489877207)"
" Unicode "," Unicode "
"Check only if you want to use Chinese, Arabic, Greek, Hebrew, Korean, Cyrillic, etc. or diacritic in the text of your SMS message (Unicode text allows you to insert characters in all fonts and various other symbols simultaneously. Number of characters in one SMS will be reduced to 70).","Selezionare solo se si desidera utilizzare cinese, arabo, greco, ebraico, coreano, cirillico, ecc o segni diacritici nel testo del messaggio SMS (testo Unicode consente di inserire caratteri in tutti i font e vari altri simboli contemporaneamente. Numero di caratteri in uno SMS sarà ridotto a 70)."
"Your time: ","Il tuo tempo: "
"Time: ","Tempo: "
"time zone: ","fuso orario: "
"time zone settings","impostazioni di fuso orario"
"Text is too long","Il testo è troppo lungo"
"Send SMS","Manda SMS"
"Send","Manda"
"Send SMS or bulk SMS. Enter mobile numbers or upload CSV file.","Inviare SMS o SMS all`ingrosso. Inserire i numeri di cellulare o caricare file CSV."
"Send SMS - not active","Invia SMS - non attivo"
"User profile is not active! To register click on the SMS tab in the main menu. Module will display you screen for entering registration data. If you have used our module in the past and you know your username and password, fill in form for existing account. Otherwise fill in your email, accept the license terms and click register.","Profilo utente non è attivo! Per registrarti clicca sulla scheda SMS nel menu principale. Modulo visualizza la schermata per l`inserimento dei dati di registrazione. Se hai gia utilizzato il nostro modulo in passato e ricordi il tuo nome utente e password, compila il modulo per il tuo conto. In caso contrario, inserischi la tua e-mail, accetti le condizioni di licenza e clicca per registrarti."
"Fill in SMS text.","Inserisci il testo SMS."
"SMS text is too long (max. 612 characters).","SMS è troppo lungo (max. 612 caratteri)."
"SMS text is too long (max. 268 unicode characters).","SMS è troppo lungo (max. 268 caratteri Unicode)."
"Wrong time of SMS sending.","Il ora di invio di SMS sbagliata."
"Recipients found: 0","Destinatari trovati: 0"
"You do not have enough credit to send SMS to all ","Non hai abbastanza credito per inviare SMS a tutti"
" recipients."," destinatari."
"SMS was sent.","SMS è stato inviato."
"SMS was saved.","SMS è stato salvato."
"wrong number or unavailable","numero sbagliato o non disponibile"
"unauthorized senderID in confirmation sms","SenderID non autorizzato in sms conferma"
"low credit for sending sms","credito basso per l`invio di sms"
"unicode is not supported","de non è supportato"
"login error","errore di login"
"can not connect to SMS server","errore in connesione al server SMS"
"SMS SIMULATION (Sending of SMS was simulated. Recipient will not receive SMS)","SIMULAZIONE SMS (invio di SMS è stato simulato. Destinatario non riceve SMS)"
"SMS was sent (simulation).","SMS è stato inviato (simulazione)."
"error","errore"
" Send later "," Invia dopo"
"Characters: ","Caratteri: "
"1hr","1 ora"
"Date: ","Data: "
"SMS Answers","SMS Risposte"
"SMS answer from customer is displayed only when customer receives SMS from your shop with SMS sender type „System number“ and customer replies using his own mobile phone.","Risposta SMS dal cliente viene visualizzata solo quando il cliente riceve SMS con numero sistema e cliente risponde da suo proprio numero di cellulare"
"Show","Mostra"
"Search results ","Cerca risultati "
" of "," di "
"SMS center","centro SMS"
"Date","Data"
"From number","Da numero"
"new","nuovo"
"Previous","Precedente"
"Next","Prossimo"
" Page: "," Pagina: "
"SMS Answers - not active","SMS risposte - non attivo"
"User profile is not active! To register click on the SMS tab in the main menu. Module will display you screen for entering registration data. If you have used our module in the past and you know your username and password, fill in form for existing account. Otherwise fill in your email, accept the license terms and click register.","SMS risposte - non activeUser profilo non è attivo! Per registrarti clicca sulla scheda SMS nel menu principale. Modulo ti visualizzata la schermata per l`inserimento dei dati di registrazione. Se hai gia utilizzato il nostro modulo in passato e ricordi il nome utente e password, compilare il modulo per il tuo account. In caso contrario, inserire la tua e-mail, accetti le condizioni di licenza e clicca registra."
"year","anno"
"month","mese"
"SMS","SMS"
"Text:","Testo:"
"Total SMS answers: 0","SMS risposte totale: 0"
"SENT to recipient","INVIATO al destinatario"
"ERROR","ERRORE"
"DELIVERED to recipient","CONSEGNATO al destinatario"
"RECIPIENT UNAVAILABLE","DESTINATARIO NON DISPONIBILE"
"SMS History","SMS storia"
"History of sent SMS from SMS module.","Storia di SMS inviati dal SMS modulo."
" admin sms"," admin sms"
" customer sms"," clienti sms"
" marketing sms"," marketing sms"
" simple sms"," sms semplici"
"Show","Mostra"
"Search results ","Risultati della ricerca "
" of "," di "
"Type","Tipo"
"Date","Data"
"SMS subject","SMS soggetto"
"Number","Numero"
"yes","si"
"no","no"
"system number","numero di sistema"
"Credit balance:","Saldo:"
"Display customer detail","Visualizzare i dettagli del cliente"
"Text:","Testo:"
"Total SMS:","SMS in totale:"
"SMS History - not active","Storia SMS - non attivo"
"User profile is not active! To register click on the SMS tab in the main menu. Module will display you screen for entering registration data. If you have used our module in the past and you know your username and password, fill in form for existing account. Otherwise fill in your email, accept the license terms and click register.","Profilo utente non è attivo! Per registrarti clicca sulla scheda SMS nel menu principale. Modulo visualizza la schermata per l`inserimento dei dati di registrazione. Se hai gia utilizzato il nostro modulo in passato e ricordi il tuo nome utente e password, compila il modulo per il tuo conto. In caso contrario, inserischi la tua e-mail, accetti le condizioni di licenza e clicca per registrarti."
"SMS price in credits:","Il costo del SMS in crediti:"
"year","anno"
"month","mese"
"Status","Status"
"Recipient","Destinatario"
"Unicode:","Unicode:"
"senderID:","ID mittente:"
"Previous","Precedente"
"Next","Altro"
" Page: "," Pagina: "
"Total SMS: 0","SMS in totale: 0"
"SMS","SMS"
"SMS Marketing - bulk SMS text","SMS Marketing - bulk SMS testo"
"Enter SMS text","Inserire il testo SMS"
" Unicode "," Unicode "
"Check only if you want to use Chinese, Arabic, Greek, Hebrew, Korean, Cyrillic, etc. or diacritic in the text of your SMS message (Unicode text allows you to insert characters in all fonts and various other symbols simultaneously. Number of characters in one SMS will be reduced to 70).","Selezionare solo se si desidera utilizzare cinese, arabo, greco, ebraico, coreano, cirillico, ecc o segni diacritici nel testo del messaggio SMS (testo Unicode consente di inserire caratteri in tutti i font e vari altri simboli contemporaneamente. Numero di caratteri in uno SMS saranno ridotti a 70)."
" Send later "," Invia dopo "
"Your time: ","Il tuo tempo: "
"Total customers:","Clienti totali:"
"Total SMS:","SMS in totale:"
"SMS Marketing - bulk SMS filter","SMS Marketing - bulk SMS filtero"
"All customers","Tutti i clienti"
"company customers","clienti aziendali"
"private customers","clienti privati"
"All countries","Tutti i paesi"
"Last name:","Cognome:"
"First name:","Nome:"
"Last name","Cognome"
"First name","Nome"
"Groups:","Gruppi:"
"All","Tutti"
"Gender:","Sesso:"
"Male","Maschio"
"Female","Femina"
"Newsletter:","Newsletter:"
"Yes","Si"
"No","No"
"Apply filter","Applica filtro"
"Date of birth from: ","Data di nascita dal: "
"to: ","a: "
"Date of registration from: ","Data di registrazione da: "
"Customers found: ","Clienti trovati: "
"results","Risultati"
"Action","Actione"
"Mobile number","Numero di cellulare"
"Customer ID","ID di cliente"
"REMOVE customer from this list","RIMUOVERE cliente dall`elenco"
"Next","Altro"
"Previous","Precedente"
" Page: "," Pagina: "
"SMS Marketing - customers found: ","SMS Marketing - clienti trovati: "
"Write text of message and use advanced filter to target your marketing campaign.","Scrivere il testo del messaggio e utilizzare filtri avanzati per indirizzare la campagna di marketing."
"Marketing SMS","Marketing SMS"
"SMS Marketing - not active","SMS Marketing - non attivo"
"User profile is not active! To register click on the SMS tab in the main menu. Module will display you screen for entering registration data. If you have used our module in the past and you know your username and password, fill in form for existing account. Otherwise fill in your email, accept the license terms and click register.","Profilo utente non è attivo! Per registrarti clicca sulla scheda SMS nel menu principale. Modulo visualizza la schermata per l`inserimento dei dati di registrazione. Se hai gia utilizzato il nostro modulo in passato e ricordi il tuo nome utente e password, compila il modulo per il tuo conto. In caso contrario, inserischi la tua e-mail, accetti le condizioni di licenza e clicca per registrarti."
"Fill in SMS text","Inserisci il testo SMS"
"SMS text is too long (max. 612 characters).","SMS è troppo lungo (max. 612 caratteri)."
"SMS text is too long (max. 268 unicode characters).","SMS è troppo lungo (max. 268 caratteri Unicode)."
"Customers found: 0","Clienti trovati: 0"
"Wrong time of SMS sending.","il tempo di invio di SMS sbagliato."
"You do not have enough credit to send SMS to all ","Non hai abbastanza credito per inviare SMS a tutti "
" customers."," clienti."
"SMS was sent.","SMS e stato mandato."
"SMS was saved.","SMS e stato salvato."
"wrong number or unavailable","numero sbagliato o non disponibile"
"unauthorized senderID in confirmation sms","SenderID non autorizzato in sms di conferma"
"low credit for sending sms","basso credito per l`invio di sms"
"unicode is not supported","unicode non e supportato"
"can not connect to SMS server","non si puo collegare a SMS server"
"SMS SIMULATION (Sending of SMS was simulated. Recipient will not receive SMS)","SIMULAZIONE SMS (invio di SMS è stato simulato. Destinatario non riceve SMS)"
"SMS was sent (simulation).","SMS è stato inviato (simulazione)."
"error","errore"
"login error","login errore"
"Date:","Data:"
"Time: ","Tempo: "
"1hr","1 ora"
"time zone: ","fuso orario: "
"time zone settings","le impostazioni di fuso orario"
"Send","Manda"
"Characters: ","Caratteri: "
"Text is too long","Il testo è troppo lungo"
"Type:","Tipo:"
"Country:","Paese:"
"City:","Citta:"
"Advert:","Annuncio:"
"Store:","Negozio:"
"All stores","Tutti i negozi"
"Presta SMS","Presta SMS"
"presta-sms.com - send SMS from your Prestashop!","presta-sms.com - inviare SMS dal vostro PrestaShop!"
"Admin SMS","Admin SMS"
"Customer SMS","SMS cliente"
"SMS Settings","SMS Impostazioni"
"SMS History","SMS Storia"
"Purchase Credit","Compra credito"
"Marketing SMS","Marketing SMS"
"SMS Answers","SMS Risposte"
"Send SMS","Manda SMS"
"About","Riguardo il modulo"
"wrong number or unavailable","numero sbagliato o non disponibile"
"unauthorized senderID in confirmation sms","SenderID non autorizzato in sms di conferma"
"low credit for sending sms","basso credito per l`invio di sms"
"unicode is not supported","unicode non e supportato"
"login error","login errore"
"can not connect to SMS server","errore di connessione in SMS server"
"SMS SIMULATION (Sending of SMS was simulated. Recipient will not receive SMS)","SIMULAZIONE SMS (invio di SMS è stato simulato. Destinatario non riceve SMS)"
"unknown mobile number","numero di cellulare sconosciuto"
"not connected to SMS server","non connesso in SMS server"
"New orders","Nuovi ordini"
"New order from {customer_firstname} {customer_lastname}, customer id: {customer_id}, order id: {order_id}, payment: {order_payment}, amount: {order_total_paid} {order_currency}. Order: {newOrder2}. Info from {shop_name}.","Nuovo ordine da {customer_firstname} {customer_lastname}, id cliente: {customer_id}, id di ordine: {order_id}, pagamento: {order_payment}, valore: {order_total_paid} {order_currency}. Ordine: {newOrder2}. Informazioni da {shop_name}."
"Your order {order_id} was successfully created, payment: {order_payment}, amount: {order_total_paid} {order_currency}. Have a nice day, {shop_name}.","Tuo ordine {order_id} e stato creato, pagamento: {order_payment}, valore: {order_total_paid} {order_currency}. Buona giornata, {shop_name}."
"Possible variables:","Possibili varianti:"
"Successful customer create account","Il cliente ha creato conto"
"Customer {customer_firstname} {customer_lastname}, id: {customer_id}, has just subscribed to {shop_name}.","Cliente {customer_firstname} {customer_lastname}, id: {customer_id}, ha appena sottoscritto {shop_name}."
"Dear {customer_firstname} {customer_lastname}, your account in {shop_name} was successfully created. Your username: {customer_email}. Have a nice day!","Gentile {customer_firstname} {customer_lastname}, Suo conto in {shop_name} e stato creato. Suo username: {customer_email}. Buona giornata!"
"Product returned","Prodotto ritornato"
"Customer {customer_firstname} {customer_lastname}, id: {customer_id}, has returned product from order {order_id}. Order: {orderReturn2}. Customer text: {customer_question}. Info from {shop_name}.","Cliente {customer_firstname} {customer_lastname}, id: {customer_id}, ha ritornato prodotto dall`ordine {order_id}. Ordine: {orderReturn2}. Testo di cliente: {customer_question}. Informazioni da {shop_name}."
"We have received your request. Order {order_id}. Have a nice day, {shop_name}.","Abbiamo ricevuto richiesta. Ordine {order_id}. Buona giornata, {shop_name}."
"Called when a quantity of one product change in an order","Chiamare quando quantità di prodotto in un ordine cambia"
"In order {order_id} was changed quantity, {orderSlip2}. Info from {shop_name}.","In ordine {order_id} ha cambiato quantita, {orderSlip2}. Informazione da {shop_name}."
"In your order {order_id} was changed quantity, {orderSlip2}. Have a nice day, {shop_name}.","In Sua ordine {order_id} e stata cambiata quantita, {orderSlip2}. Buona giornata, {shop_name}."
"Payment confirmation","Conferma di pagamento"
"Payment confirmation, order id: {order_id}, payment: {order_payment}, amount: {order_total_paid} {order_currency}. Info from {shop_name}.","Conferma pagamento, id di ordine: {order_id}, pagamento: {order_payment}, valore: {order_total_paid} {order_currency}. Informazione da {shop_name}."
"We have successfully received payment for your order {order_id} via {order_payment}, amount: {order_total_paid} {order_currency}. Have a nice day, {shop_name}.","Abbiamo ricevuto pagamento per ordine {order_id} tramite {order_payment}, valore: {order_total_paid} {order_currency}. Buona giornata, {shop_name}."
"Update of tracking number in order","Aggiornare il numero di inseguimento del`ordine"
"Order {order_id} was updated, tracking number is {order_shipping_number}. Info from {shop_name}.","La ordine {order_id} e aggiornata, il numero di inseguimento e {order_shipping_number}. Info dal {shop_name}."
"Dear Customer, your order {order_id} was shipped, tracking number is {order_shipping_number}. Have a nice day, {shop_name}.","Gentile Cliente, la Sua ordine {order_id} e spedita, il numero di inseguimento e {order_shipping_number}. Le auguriamo buona giornata, {shop_name}."
"Called when a product is deleted","Chiamare quando prodotto viene eliminato"
"This product was deleted from {shop_name}, id: {product_id}, ref: {product_ref}, name: {product_name}. Deleted by user {employee_id}, {employee_email}.","Questo prodotto e stato cancellato dal {shop_name}, id: {product_id}, ref: {product_ref}, nome: {product_name}. Cancellato da utente {employee_id}, {employee_email}."
"Quantity is updated only when the customer effectively place his order","Quantità viene aggiornata solo quando il cliente piaca ordine"
"Quantity of product has changed, id: {product_id}, ref: {product_ref}, name: {product_name}, current quantity: {product_quantity}, supplier: {product_supplier}. Info from {shop_name}.","Quantita di prodotto e cambiata, id: {product_id}, ref: {product_ref}, nome: {product_name}, quantita attuale: {product_quantity}, supplier: {product_supplier}. Informazione da {shop_name}."
"Product out of stock","Prodotto esaurito"
"This product is almost out of stock, id: {product_id}, ref: {product_ref}, name: {product_name}, current quantity: {product_quantity}. Info from {shop_name}.","Questo prodotto e quasi esaurito, id: {product_id}, ref: {product_ref}, nome: {product_name}, quantitta attuale: {product_quantity}. Informazione da {shop_name}."
"Called when admin or customer cancel a product in an order","Chiamare quando admin o cliente annulla un prodotto in un ordine"
"In order {order_id} was canceled product with id: {product_id}, ref: {product_ref}, name: {product_name}. Quantity: {product_quantity}, quantity reinjected: {product_quantity_reinjected}. Info from {shop_name}.","In ordine {order_id} e stato cancellato prodotto con id: {product_id}, ref: {product_ref}, nome: {product_name}. Quantita: {product_quantity}, quantita rifornita: {product_quantity_reinjected}. Informazione da {shop_name}."
"Status of order {order_id} has changed to ","Stato dell`ordine {order_id} e stato cambiato a "
". Info from {shop_name}.",". Informazione da {shop_name}."
"Dear Customer, status of your order {order_id} has changed to ","Gentile Cliente, lo stato del tuo ordine {order_id} ha cambiato a "
". Have a nice day, {shop_name}.",". Buona giornata, {shop_name}."
"Bank wire","Bank wire"
"Company Name","Nome di azienda"
"Country","Paese"
"City","Citta"
"qty","quantita"
"qty reinjected","quantita rifornita"
"qty returned","quantita ritornata"
"name","nome"
"not found","non trovato"
"SMS Settings - Select Own number sender ID for ","SMS Impostazioni - Selezionare il proprio ID numero di mittente"
"Own number sender ID settings","Impostare il proprio numero di ID mittente"
"own number sender ID","Numero proprio di mittente"
"Existing Own number:","Numero proprio esistente:"
"New Own number sender ID:","Nuovo numero proprio:"
"in international format, no leading <br />zeros or a “+” sign, e.g., 447971796595","in formato internazionale<br />senza 0 o segno + , ad esempio, 393489877207"
"SMS code:","SMS codice:"
"CONFIRM","CONFERMA"
"Required field","campi obbligatori"
"SMS Settings - Select Text sender ID for ","Impostazioni SMS - Selezionare ID mittente di testo per "
"Text sender ID settings","Impostazioni di testo di mittente ID "
"Existing Text sender ID:","Testo esistente di ID mittente:"
"New Text sender ID:","Nuovo testo come sender ID:"
"max. 11 characters","max. 11 caratteri"
"SMS Settings","SMS Impostazioni"
"Define SMS Sender Type for each country separately (Text sender ID, Own mobile number or System number). SMS price depends on the recipient country, selected SMS sender type and amount of payment. In countries with undefined SMS sender type will be used System number sender type.","Definire il tipo di SMS Sender per ogni paese separatamente (ID come testo mittente , numero di cellulare o il numero del sistema). Il costo del SMS dipende dal paese destinatario, tipo di mittente selezionato e valore di pagamento. Nei paesi in cui non e definito tipo del mittente SMS verrà utilizzato il numero di sistema del mittente."
"Customer SMS settings","Impostazioni SMS del cliente"
"ADD/CHANGE SELECTED COUNTRY","Aggiungere / Seleziona il paese selezionato"
"SENDER TYPE","TIPO DI MITTENTE"
"NETWORK","NETWORK"
"SMS PRICE<br />IN CREDITS","PREZZO IN CREDITS"
"SMS PRICE IN EUR (excl. VAT)","PREZZO SMS IN EUR (senza IVA)"
"payment","pagamento"
"Unicode ","Unicode "
"Unicode characters support (Unicode allows you to enter characters in all fonts and various symbols simultaneously. Is used for Chinese, Arabic, Greek, Hebrew, Korean, Cyrillic, etc. or diacritic in the text of your SMS message)","Supporto per caratteri di Unicode (Unicode permette di scrivere caratteri in tutti i font e vari simboli. Viene utilizzato per cinese, arabo, greco, ebraico, coreano, cirillico, ecc o segni diacritici nel testo del messaggio SMS)"
"TEXT SENDER ID","TIDENTIFICAZIONE COME TESTO"
"Text sender ID","identificazione come testo"
"SYSTEM NUMBER","NUMERO DI SISTEMA"
"OWN NUMBER SENDER ID","NUMERO PROPRIO"
"SIM HOSTING","SIM HOSTING"
"UNICODE SUPPORTED","UNICODE SUPPORTATO"
"UNICODE NOT SUPPORTED","UNICODE NON SUPPORTATO"
"SAVE SMS SETTINGS","SALVA IMPOSTAZIONI DI SMS"
"Are you sure to delete","Veramente eliminare?"
"Select country: ","Seleziona paese: "
"SMS settings - not active","Impostazioni SMS - non attivo"
"User profile is not active! To register click on the SMS tab in the main menu. Module will display you screen for entering registration data. If you have used our module in the past and you know your username and password, fill in form for existing account. Otherwise fill in your email, accept the license terms and click register.","Profilo utente non è attivo! Per registrarti clicca sulla scheda SMS nel menu principale. Modulo visualizza la schermata per l`inserimento dei dati di registrazione. Se hai gia utilizzato il nostro modulo in passato e ricordi il tuo nome utente e password, compila il modulo per il tuo conto. In caso contrario, inserischi la tua e-mail, accetti le condizioni di licenza e clicca per registrarti."
"error","errore"
"can not connect to SMS server","non connesso a SMS server"
" was deleted."," e stato cancellato."
"choose sender type","scegliere il tipo del mittente"
" was saved."," e stato salvato."
"fill in own number sender ID","compila il numero proprio"
"own number sender ID must be number","numero proprio deve essere cifra"
"correctly confirm sms code","corretamente sms codice"
"Own number sender ID for ","numero proprio per "
" was saved."," e stato salvato."
"error - ","errore - "
"login error","login errore"
"Now retype SMS code.","Adesso riscrivi SMS codice."
"Now retype SMS code. SMS will be send in next 60 seconds.","Adesso riscrivi SMS codice. SMS viene manadata entro 60 secondi."
"error - wrong number or unavailable","errore - numero sbagliato o non disponibile"
"error - unauthorized senderID in confirmation sms","errore - SenderID non autorizzato per sms conferma"
"error - low credit for sending validation SMS","errore - basso credito per l`invio di SMS di validazione"
"fill in text sender ID","compila testo di identificazione di mittente"
"fill in text sender ID, 3-11 characters","compila testo di identificazione di mittente, 3-11 caratteri"
"possible characters: ","caratteri possibili: "
"text sender ID can't be number","identificazione di testo non puo essere numero"
"Text sender ID for ","identificazione come testo per "
"Admin SMS settings","Admin SMS impostazioni"
"VALIDATE","VALIDARE"
"SMS validation","SMS validazione"
"Confirmation code: ","Codice di conferma: "
"Update pricelist","Aggiornare listino prezzi"
"e.g.:","e.g.:"
"Pricelist was successfully updated.","Listino dei prezzi aggiornato con successo."
"edit","modificare"
"delete","cancelare"
"Your online stores","I vostri negozi online"
"SMS opt-out","SMS opt-out"
"SMS opt-out - setting SMS opt-out option from the cart and SMS charging","SMS opt-out - impostazione dell’opzione SMS opt-out nel carrello e il pagamento del SMS"
"Select an online store for which you want to set in the cart option to unsubscribe SMS notifications, setup cost of SMS messages and define the text that is displayed to the customer in the cart.","Segliere il negozio online per il quale si vuogliono fare l’impostazioni nel carrelllo per annullare l’iscrizione per le notifiche SMS, definire il costo dei SMS e definire il testo che verra visualizzato dal cliente nel carrello."
"For sending SMS prefer phone nr. from:","Per mandare gli SMS si preferisce il numero dal:"
"invoice address","indirizzo di fatturazione"
"delivery address","indirizzo di consegna"
"Price of SMS","prezzo del SMS"
"Text displayed in the cart","Il testo visualizzato nel carrello"
"Activate displaying SMS opt-out feature in the cart","Attivare la visualizzazione dell‘opzione SMS opt-out nel carrello"
"SMS opt-out is ACTIVE","SMS opt-out NON è ATTIVO"
"SMS opt-out is NOT ACTIVE. To activate SMS opt-out check the checkbox „Activate displaying SMS opt-out feature in the cart“","SMS opt-out NON è ATTIVO. Per attivare SMS opt-out segnalare la cassella „Attivare la visualizzazione dell’opzione SMS opt-out nel carrello“"
"Setting of the SMS opt-out feature was successfully changed","L’impostazione dell-opzione SMS opt-out e cambiata con successo"
"Price of SMS messages has changed in the following countries:","Il prezzo del SMS e cambiato nei paesi seguenti:"
"New version available for download:","La versione nuova disponibile per il scaricamento:"
"Manual:","Manuale per SMS Modulo (ENG):"
"www.presta-sms.com/manual.html","www.presta-sms.com/manual.html"
"Supported PrestaShop versions:","Versioni supportate del Prestashop:"
"1.5.x","1.5.x"
"Contact form","Modulo di contatto"
"Remove duplicate numbers","Rimuovere numeri duplicati"
"Registration type:","Tipo di registrazione:"
"Personal","Personale"
"Business","Commercio"
"Address","Indirizzo"
"Billing information","Dati di fatturazione"
"Contact person","Persona di contatto"
"Enter the name of the company.","Inserire il nome della società."
"Invalid VAT","IVA non valido"
"Statistics","Statistiche"
"Statistics - not active","Statistiche - non attivo"
"day","giorno"
"Date from:","Data dal:"
"to:","a:"
"Mage SMS module 2013-%s, version ","Mage SMS module 2013-%s versione "
"Supported Magento versions:","Versioni supportate del Magento:"
"www.mage-sms.com/manual.html","www.mage-sms.com/manual.html"
"www.mage-sms.com","www.mage-sms.com"
"www.mage-sms.com/index.html","www.mage-sms.com/it/index.html"
"Removed Customers: ","Clienti rimosso: "
"More...","Altro..."
"Saved Filters","Filtri salvate"
"Save filter","Salvare il filtro"
"Reset filter","Azzera il filtro"
"Filter Name","Nome filtro"
"Date","Date"
"Filter has been applied.","Filtro e stato applicato."
"Filter has been saved.","Filter e stato registrato."
"Filter has been reset.","Filter e stato resettato."
"Are you sure you want to reset the filter?","Sei sicuro di voler azzerare il filtro?"
"Are you sure you want to remove the filter?","Sei sicuro di voler rimuovere il filtro?"
"No filter has been found.","Il filtro non trovato."
"Processing...","Elaborazione..."
"Saved Templates","Templati salvati"
"Save template","Salva template"
"Template Name","Nome template"
"Template has been loaded.","Template e stato caricato."
"Template has been saved.","Template e stato salvato."
"Are you sure you want to remove the template?","Sei sicuro di voler rimuovere il templato?"
"No template has been found.","Template non trovato."
"Virtual operators (MVNO)","Operatori virtuali (MVNO)"
"Select coupon","Selezionare un buoni sconto"
"Create coupon","Creare un buoni sconto"
"Please Select","Seleziona"
"SIMULATION","SIMULAZIONE"
"DELETED","RIMOSSO"
"SCHEDULED","PREVISTA"
"DO NOT DISTURB registry (DND)","DO NOT DISTURB registro (DND)"
"DUPLICATE","DUPLICATO"
"Add recipients in CSV(.csv, .txt) or vCARD(.vcf)","Aggiungere i destinatari in file CSV (.csv, .txt) o vCard (.vcf)"
"Returns","Restituzioni"
"We confirm we have received your request to claim the goods.","Ricevimento del restituzione."
"New claim from customer was received.","Nuovo restituzioni ha ricevuto."
"Status of a claim {return_id} has changed to ","Stato dell`restituzione {return_id} e stato cambiato a "
". Info from {shop_name}.",". Informazione da {shop_name}."
"Dear Customer, status of your claim {return_id} has changed to ","Gentile Cliente, lo stato del tuo restituzione {return_id} ha cambiato a "
". Have a nice day, {shop_name}.",". Buona giornata, {shop_name}."
"ADD/CHANGE TEXT SENDER ID","AGGIUNGERE/SELEZIONA TESTO COME NUMERO"
"Add SMS product to cart:","Aggiungi il prodotto SMS al carrello:"
"Automatically","automaticamente"
"Manually","manualmente"
"SMS opt-out - setting Marketing SMS opt-out option for the customer from the user profile","SMS opt-out - setting Marketing SMS opt-out option for the customer from the user profile"
"Activate displaying Marketing SMS opt-out feature in the user profile","Activate displaying Marketing SMS opt-out feature in the user profile"
