"lang_iso_code","pt"
"lang_alphabet","A;Á;Ã;B;C;Ç;D;E;É;F;G;H;I;Í;J;L;M;N;O;Ó;Õ;Ô;P;Q;R;S;T;U;Ú;Ü;V;X;Z"
"smscurrency","EUR"
"All years","Todos os anos"
"About","Sobre o módulo"
"Copyright © TOPefekt s.r.o., All rights reserved","Copyright © TOPefekt s.r.o., Todos os direitos reservados"
"Developer:","Desenvolvedor:"
"TOPefekt s.r.o.","TOPefekt s.r.o."
"Address:","Endereço"
"B. Nemcove 767/13","B. Nemcové 767/13"
"78701 Sumperk","78701 Sumperk"
"Czech Republic","a República Checa"
"VAT: CZ29444268","NIF: CZ29444268"
"Office Telephone:","Telefone:"
"+420 581 110 998","+420 581 110 998"
"E-mail:","Email:"
"sales@topefekt.com","sales@topefekt.com"
"support@topefekt.com","support@topefekt.com"
"Web:","Web:"
"www.presta-sms.com","www.presta-sms.com"
"www.presta-sms.com/","www.presta-sms.com/pt/index.html"
"Admin SMS","Admin SMS"
"Select events during which shall be shop administrators notified via SMS and customize text of messages.","Selecione eventos dos quais os administradores de negócios serão avisados por SMS e defina o texto dessas mensagens."
"Unicode SMS","Unicode SMS"
"unicode","unicode"
"Check only if you want to use Chinese, Arabic, Greek, Hebrew, Korean, Cyrillic, etc. or diacritic in the text of your SMS message (Unicode text allows you to insert characters in all fonts and various other symbols simultaneously. Number of characters in one SMS will be reduced to 70).","Assinale apenas se você deseje usar na mensagem acentos ou idiomas como chinês, árabe, grego, hebraico, coreano, etc. (Unicode permite que você use simultaneamente diferentes fontes e símbolos. Número de caracteres em uma mensagem Unicode é 70)."
"Save","Guardar"
"Sending notifications via SMS is ACTIVE","Envio de notificações de SMS é ATIVO."
"Sending notifications via SMS is NOT ACTIVE. To activate SMS sending check at least one administrator.","O envio de notificações de SMS NÃO é ATIVO. Envio de SMS activa se assinala pelo menos um administrador."
"Update of order status","Atualização de estado da encomenda"
"Account","Conta"
"Product","Produto"
"Order status","Estado da encomenda"
"Order","Encomenda"
"Admin SMS - not active","SMS Admin - inativo"
"Please add at least one administrator!","Por favor, adicione pelo menos um administrador!"
"User profile is not active! To register click on the SMS tab in the main menu. Module will display you screen for entering registration data. If you have used our module in the past and you know your username and password, fill in form for existing account. Otherwise fill in your email, accept the license terms and click register.","O perfil do usuário não está ativo! Registe-se clicando na guia SMS no menu principal. Módulo vai mostrar-lhe o formulário de registo. Se você usou este módulo no passado e você sabe o seu nome de usuário e senha, preencha o formulário para uma conta existente. Caso contrário, digite o email, aceite o contrato de licença e clique em ""Registrar""."
"Invalid SMS text","Texto da mensagem SMS inválido"
"Text of SMS was saved.","O texto da mensagem foi guardado."
"Unicode saved.","Unicode guardado."
"char","Caráter"
"chars","Carateres"
"label","Etiqueta"
"SMS text","Texto de mensagem SMS"
"total sms:","SMS ao total"
"Enter SMS text","Digite o texto de SMS"
"Preview","Visualização"
"Administrators","Administradores"
"Save","Guardar"
"Cancel","Cancelar"
"Restore unsaved changes to its original state.","Retorna alterações não guardadas ao estado original."
"User profile - not active","Perfil de usuário - inativo"
"User profile - active","Perfil de usuário - ativo"
"New user account","Nova conta de usuário"
"Not registered yet? Create account now!","Não se registou? Crie uma conta agora!"
"Email:","Email:"
"Company name:","Nome da firma:"
"Street:","Rua:"
"City:","Cidade:"
"ZIP:","CEP:"
"Country:","País"
"Company ID:","BI:"
"Company VAT:","NIF:"
"Referer ID:","Referer ID:"
"View licence terms:","Veja os termos de licença:"
"I agree","Concordo"
"I dont agree","Discordo"
"Register","Registar"
"Required field","Preenchimento obrigatório"
"Sign in","Logar"
"If You already have an account, please sign in.","Se você já tem uma conta, faça o login"
"Username:","Usuário:"
"Password:","Senha:"
"Log in","Logar"
"Edit user account","Alterar a conta de usuário"
"Save","Guardar"
"User account info","Informações sobre a conta de usuário"
"SMS Credit:","Crédito SMS:"
"Add administrators","Adicionar um administrador"
"Name:","Nome:"
"Mobile number:","Telemóvel:"
"Edit","Modificar"
"Add","Adicionar"
"Other settings","Outros ajustes:"
"Simulate SMS sending:","Simular o envio de SMS:"
"Allows to test sending of SMS in modul and to view sent SMS in SMS history with a special status.","Permite testar o envio de SMS e ver a mensagem SMS testada no guia História de SMS."
"Delete database:","Apagar o banco de dados:"
"Allows to decide if current SMS settings and database of sent SMS shall be stored when uninstalling SMS module.","Permite que você decida se quer manter as configurações e o banco de dados de SMS enviadas no caso da desinstalação do módulo SMS-Prestashop."
"Delivery reports:","Informações de entrega (DR):"
"Allows to see delivery reports of SMS in SMS history Tab.","Apresenta as informações sobre a entrega no guia de História de SMS."
"Low credit alert:","Aviso de baixo nível de crédito:"
" Allows to receive email when your SMS credit is low.","Permite receber um email quando o seu nível de crédito SMS é baixo."
"Email for delivery reports:","Email para a receção dos relatórios de entrega: "
"Allows to receive email with delivery report of SMS.","Permite que você receba um email sobre a entrega de SMS."
"Admin was created.","O administrador foi criado."
"You have to agree with licence terms.","Você deve aceitar os termos da licença."
"Account was created.","O registo foi bem sucedido. Para a sua caixa de correio enviamos um e-mail para confirmar o seu endereço de e-mail e obter 5 créditos grátis."
"you can add another account after ","Você pode adicionar outra conta em "
"minutes"," minutos"
"can not connect to SMS server","não se pode conectar ao servidor de SMS"
"You were succesfully loged in.","Você foi logado com sucesso."
"error","erro"
"login error","erro de login"
"Invalid e-mail for delivery report.","Email para as mensagens de entrega inválido."
"Invalid e-mail","Email inválido"
"Account was changed.","A conta foi alterada."
"Account was changed, but module URL for DR does not answer.","A conta foi alterada, mas a URL de Módulo para as mensagens de entrega não responde."
"you can change account after ","Será possível alterar a conta em "
" seconds","segundos"
"Invalid name","Nome inválido"
"Invalid number","Número inválido"
"Admin was changed.","O administrador foi alterado."
"Admin was deleted.","O administrador foi apagado."
"no changes were made","Não foram feitas nenhumas alterações"
"Are you sure to delete","Tem certeza de que deseja apagar"
"DELETE administrator","APAGAR o administrador"
"EDIT administrator","ALTERAR o administrador"
"in international format, no leading zeros or a “+” sign, e.g., 447971796595","no formato internacional, sem zeros ou o sinal “+“, por exemplo, 351931234567"
"(when uninstall)","(para a desinstalação)"
"(0 = no alert)","(0 = nenhum aviso)"
"Fill in username and password.","Digite o seu nome de usuário e a senha"
"Customer SMS - ","SMS para os clientes -"
"Customer SMS - not active","SMS para os clientes - inativas"
"default","predefinido"
" language version","versão de idioma"
"Select events during which shall be customer notified via SMS and customize text of messages. You can also add a new language version of SMS messages for each country separately. In countries with undefined language version will be used default language version.","Selecione os eventos do quais o cliente será avisado por SMS e defina o texto dessas mensagens. Para os países diferentes, você também pode criar diferentes mutações da língua de mensagens SMS. Para os países com mutações indefinidas será usada a versão padrão."
"Add SMS text version","Adicionar uma mutação da língua"
"Select country: ","Selecione um país: "
"Unicode SMS","Unicode SMS"
"Check only if you want to use Chinese, Arabic, Greek, Hebrew, Korean, Cyrillic, etc. or diacritic in the text of your SMS message (Unicode text allows you to insert characters in all fonts and various other symbols simultaneously. Number of characters in one SMS will be reduced to 70).","Assinale apenas se você deseja usar na mensagem acentos ou idiomas como chinês, árabe, grego, hebraico, coreano, etc. (O Unicode permite que você use simultaneamente diferentes fontes e símbolos. O número de caracteres em uma mensagem Unicode é 70)."
"Order status","Estado da encomenda"
"Sending notifications via SMS is ACTIVE","O envio de notificações de sms é ATIVO."
"Sending notifications via SMS is NOT ACTIVE. To activate SMS sending check „Active“ in desired status detail.","O envio de notificações de SMS não é ativo. O envio de SMS activa pela selecção de ""Ativo"" no detalhe do estado desejado."
" Update of order status "," Atualização do estado da encomenda"
"Account","Conta"
"User profile is not active! To register click on the SMS tab in the main menu. Module will display you screen for entering registration data. If you have used our module in the past and you know your username and password, fill in form for existing account. Otherwise fill in your email, accept the license terms and click register.","«O perfil do usuário não é ativo! Registe-se, clicando na guia SMS no menu principal. Módulo vai mostrar-lhe o formulário de registo. Se você usou este módulo no passado e sabe o seu nome de usuário e a senha, preencha o formulário para uma conta existente. Caso contrário, digite o email, aceite o termo de licença e clique em ""Registar""."
"Invalid SMS text","Texto da mensagem inválido"
"Text of SMS was saved.","O texto da mensagem foi guardado."
"SMS text version was deleted.","A mutação da língua foi removida."
"Are you sure to delete","Tem certeza de que deseja excluir"
"DELETE language version","EXCLUIR a mutação da língua"
"SMS text","O texto da mensagem SMS"
"unicode","unicode"
"SMS text version for ","A mutação da língua para "
" was saved"," foi guardada"
"Preview","Visualização"
"Active","Ativo"
"Save","Guardar"
"Cancel","Cancelar"
"total sms:","SMS ao total:"
"EDIT language version","MODIFICAR a mutação da língua"
"Edit","Modificar"
"Add","Adicionar"
"Order","Encomenda"
"Chars","Caracteres"
"Unicode was saved.","Unicode foi guardado."
"Restore unsaved changes to its original state.","Retorna as alterações não guardadas ao estado original"
"Purchase Credit","Comprar crédito"
"Purchase Credit - not active","Comprar crédito - inativo"
"User profile is not active! To register click on the SMS tab in the main menu. Module will display you screen for entering registration data. If you have used our module in the past and you know your username and password, fill in form for existing account. Otherwise fill in your email, accept the license terms and click register.","O perfil do usuário não está ativo! Registe-se, clicando na guia SMS no menu principal. Módulo vai mostrar-lhe o formulário de registo. Se você usou este m«odulo no passado e conhece o seu nome de usuário e a senha, preencha o formulário para uma conta existente. Caso contrário, digite o email, aceite termos de licença e clique em ""Registrar"" "
" In case methods for credit purchase are not displayed properly, please click here:","No caso de você não ver a escolha das opções para recarregar o crédito, por favor clique aqui:"
"Bulk SMS text","O texto da mensagem de massa"
"Add recipients ","Adicione um destinatário "
"Add one or more recipients separated by commas. Number must be in international format, no leading zeros or “+“ sign.","Adicione um ou mais destinatários, separados por vírgulas. O número deve ser em formato internacional, sem zeros ou o sinal “+“, por exemplo, 351931234567"
" (e.g. 447971796595)"," (por exemplo: 351931234567)"
"Enter SMS text","Insera o texto da mensagem SMS"
"Add recipients in CSV file ","Adicione um destinatário no arquivo CSV "
"CSV file - 1 column, 1st column - number (Number must be in international format, no leading zeros or “+“ sign; e.g. 447971796595)","O arquivo CSV - 1 coluna, 1.ª coluna - número (O número deve ser no formato internacional, sem zeros ou o sinal “+“, por exemplo, 351931234567"
" Unicode ","Unicode"
"Check only if you want to use Chinese, Arabic, Greek, Hebrew, Korean, Cyrillic, etc. or diacritic in the text of your SMS message (Unicode text allows you to insert characters in all fonts and various other symbols simultaneously. Number of characters in one SMS will be reduced to 70).","Assinale apenas se você deseja usar na mensagem acentos ou idiomas como chinês, árabe, grego, hebraico, coreano, etc. (Unicode permite que você use simultaneamente diferentes fontes e símbolos. Número de caracteres em uma mensagem Unicode é 70)."
"Your time: ","A sua hora:"
"Time: ","Hora:"
"time zone: ","Fuso horário:"
"time zone settings","Configuração do fuso horário"
"Text is too long","O texto é muito longo"
"Send SMS","Enviar SMS"
"Send","Enviar"
"Send SMS or bulk SMS. Enter mobile numbers or upload CSV file.","O envio de SMS de massa ou SMS. Insera os números de telefone ou faça upload de um arquivo CSV."
"Send SMS - not active","Enviar SMS - inativo"
"User profile is not active! To register click on the SMS tab in the main menu. Module will display you screen for entering registration data. If you have used our module in the past and you know your username and password, fill in form for existing account. Otherwise fill in your email, accept the license terms and click register.","O perfil do usuário não é ativo! Registe-se, clicando na guia SMS no menu principal. Módulo vai mostrar-lhe o formulário de registo. Se você usou este módulo no passado e conhece o seu nome de usuário e a senha, preencha o formulário para uma conta existente. Caso contrário, digite o email, aceite os termos de licença e clique em ""Registar""."
"Fill in SMS text.","Preencha o texto de mensagem SMS"
"SMS text is too long (max. 612 characters).","O texto de SMS é muito longo (máx. 612 caracteres)."
"SMS text is too long (max. 268 unicode characters).","O texto de SMS é muito longo (máx. 268 caracteres)."
"Wrong time of SMS sending.","Mau tempo para enviar SMS."
"Recipients found: 0","Destinatários encontrados: 0"
"You do not have enough credit to send SMS to all ","Você não tem crédito suficiente para enviar mensagens SMS para todos os "
" recipients."," destinatários"
"SMS was sent.","A mensagem SMS foi enviada."
"SMS was saved.","A mensagem SMS foi guardada."
"wrong number or unavailable","Número errado ou indisponível"
"unauthorized senderID in confirmation sms","A identificação do remetente não-autorizado na SMS de confirmação"
"low credit for sending sms","Baixo nível de crédito para o envio de mensagem SMS"
"unicode is not supported","Unicode não é suportado"
"login error","erro de login"
"can not connect to SMS server","Não se pode conectar ao servidor de SMS"
"SMS SIMULATION (Sending of SMS was simulated. Recipient will not receive SMS)","SIMULAÇÃO DE SMS (O envio de SMS foi simulado. O destinatário não vai receber a mensagem SMS.)"
"SMS was sent (simulation).","SMS foi enviada (simulação)."
"error","erro"
" Send later "," Enviar mais tarde "
"Characters: ","Caracteres: "
"1hr","1 hora: "
"Date: ","Data: "
"SMS Answers","Respostas de SMS"
"SMS answer from customer is displayed only when customer receives SMS from your shop with SMS sender type „System number“ and customer replies using his own mobile phone.","As respostas de SMS do cliente é exibida apenas quando um cliente da sua loja receberá uma SMS com o tipo de remetente ""número de sistema"" e o cliente responde do mesmo número de telefone."
"Show","Mostrar"
"Search results ","Resultado da pesquisa "
" of "," de "
"SMS center","centro de SMS"
"Date","Data"
"From number","De número"
"new","novo"
"Previous","Anterior"
"Next","Seguinte"
" Page: "," Página: "
"SMS Answers - not active","Respostas SMS - inativas"
"User profile is not active! To register click on the SMS tab in the main menu. Module will display you screen for entering registration data. If you have used our module in the past and you know your username and password, fill in form for existing account. Otherwise fill in your email, accept the license terms and click register.","O perfil do usuário não é ativo! Registe-se, clicando na guia SMS no menu principal. Módulo vai mostrar-lhe o formulário de registo. Se você usou este módulo no passado e conhece o seu nome de usuário e a senha, preencha o formulário para uma conta existente. Caso contrário, digite o email, aceite os termos de licença e clique em ""Registar""."
"year","ano"
"month","mês"
"SMS","SMS"
"Text:","Texto:"
"Total SMS answers: 0","Ao total de respostas SMS: 0"
"SENT to recipient","ENVIADO ao destinatário"
"ERROR","ERRO"
"DELIVERED to recipient","ENTREGUE ao destinatário"
"RECIPIENT UNAVAILABLE","DESTINATÁRIO INDISPONÍVEL"
"SMS History","História de SMS"
"History of sent SMS from SMS module.","História de mensagens SMS enviadas do SMS módulo."
" admin sms"," admin SMS"
" customer sms"," SMS para os clientes"
" marketing sms"," SMS de marketing"
" simple sms"," SMS simples"
"Show","Mostrar"
"Search results ","Resultado de pesquisa"
" of "," de "
"Type","Tipo"
"Date","Data"
"SMS subject","objeto de SMS"
"Number","Número"
"yes","sim"
"no","não"
"system number","número de sistema"
"Credit balance:","Estado de conta:"
"Display customer detail","Mostrar detalhe do cliente"
"Text:","Texto: "
"Total SMS:","SMS ao total: "
"SMS History - not active","História de SMS - inativa"
"User profile is not active! To register click on the SMS tab in the main menu. Module will display you screen for entering registration data. If you have used our module in the past and you know your username and password, fill in form for existing account. Otherwise fill in your email, accept the license terms and click register.","O perfil do usuário não é ativo! Registe-se, clicando na guia SMS no menu principal. Módulo vai mostrar-lhe o formulário de registo. Se você usou este módulo no passado e conhece o seu nome de usuário e a senha, preencha o formulário para uma conta existente. Caso contrário, digite o email, aceite os termos de licença e clique em ""Registar""."
"SMS price in credits:","Preço em créditos:"
"year","ano"
"month","mês"
"Status","Estado"
"Recipient","Destinatário"
"Unicode:","Unicode:"
"senderID:","Número do remetente:"
"Previous","Anterior"
"Next","Seguinte"
" Page: "," Página: "
"Total SMS: 0","SMS ao total: 0"
"SMS","SMS"
"SMS Marketing - bulk SMS text","SMS de Marketing - o texto de mensagem de massa"
"Enter SMS text","Insera o texto da mensagem SMS"
" Unicode "," Unicode "
"Check only if you want to use Chinese, Arabic, Greek, Hebrew, Korean, Cyrillic, etc. or diacritic in the text of your SMS message (Unicode text allows you to insert characters in all fonts and various other symbols simultaneously. Number of characters in one SMS will be reduced to 70).","Assinale apenas se você deseje usar na mensagem acentos ou idiomas como chinês, árabe, grego, hebraico, coreano, etc. (Unicode permite que você use simultaneamente diferentes fontes e símbolos. Número de caracteres em uma mensagem Unicode é 70)"
" Send later "," Enviar mais tarde "
"Your time: ","A sua hora: "
"Total customers:","Clientes ao total: "
"Total SMS:","SMS ao total: "
"SMS Marketing - bulk SMS filter","SMS de Marketing - filtro de SMS de massa"
"All customers","Todos os clientes"
"company customers","Clientes de firma"
"private customers","Pessoas particulares"
"All countries","Todos os países"
"Last name:","Sobrenome:"
"First name:","Nome:"
"Last name","Sobrenome"
"First name","Nome"
"Groups:","Grupos: "
"All","Todos"
"Gender:","Sexo:"
"Male","Homem"
"Female","Mulher"
"Newsletter:","Novidades"
"Yes","Sim"
"No","Não"
"Apply filter","Usar o filtro"
"Date of birth from: ","Data de nascimento de:"
"to: ","a:"
"Date of registration from: ","Data de registo de: "
"Customers found: ","Clientes encontrados: "
"results","mostrado"
"Action","Ação"
"Mobile number","Número de telefone"
"Customer ID","Número de cliente"
"REMOVE customer from this list","REMOVER cliente da lista"
"Next","Seguinte"
"Previous","Anterior"
" Page: "," Página: "
"SMS Marketing - customers found: ","SMS de Marketing - os clientes encontrados: "
"Write text of message and use advanced filter to target your marketing campaign.","Escreva o texto da mensagem e use filtros avançados para direcionar a suas campanhas de marketing."
"Marketing SMS","SMS de Marketing"
"SMS Marketing - not active","SMS de Marketing - inativo"
"User profile is not active! To register click on the SMS tab in the main menu. Module will display you screen for entering registration data. If you have used our module in the past and you know your username and password, fill in form for existing account. Otherwise fill in your email, accept the license terms and click register.","O perfil do usuário não é ativo! Registe-se, clicando na guia SMS no menu principal. Módulo vai mostrar-lhe o formulário de registo. Se você usou este módulo no passado e conhece o seu nome de usuário e a senha, preencha o formulário para uma conta existente. Caso contrário, digite o email, aceite os termos de licença e clique em ""Registar""."
"Fill in SMS text","Preencha o texto de mensagem SMS."
"SMS text is too long (max. 612 characters).","O texto de SMS é muito longo (máx. 612 caracteres)"
"SMS text is too long (max. 268 unicode characters).","O texto de SMS é muito longo (máx. 268 caracteres)"
"Customers found: 0","Clientes encontrados: 0"
"Wrong time of SMS sending.","Mau tempo para enviar SMS."
"You do not have enough credit to send SMS to all ","Você não tem crédito suficiente para enviar mensagens SMS para todos os "
" customers."," clientes."
"SMS was sent.","A mensagem SMS foi enviada."
"SMS was saved.","A mensagem SMS foi guardada."
"wrong number or unavailable","Número errado ou indisponível"
"unauthorized senderID in confirmation sms","A identificação do remetente não-autorizado na SMS de confirmação"
"low credit for sending sms","Baixo nível de crédito para o envio de mensagem SMS"
"unicode is not supported","Unicode não é suportado"
"can not connect to SMS server","Não se pode conectar ao servidor de SMS"
"SMS SIMULATION (Sending of SMS was simulated. Recipient will not receive SMS)","SIMULAÇÃO DE SMS (O envio de SMS foi simulado. O destinatário não vai receber a mensagem SMS.)"
"SMS was sent (simulation).","SMS foi enviada (simulação)."
"error","erro"
"login error","erro de login"
"Date:","Data:"
"Time: ","Hora: "
"1hr","1 hora"
"time zone: ","fuso horário: "
"time zone settings","Configuração do fuso horário"
"Send","Enviar"
"Characters: "," Caracteres: "
"Text is too long","O texto é muito longo"
"Type:","Tipo:"
"Country:","País:"
"City:","Cidade:"
"Advert:","Publicidade:"
"Store:","Loja:"
"All stores","Todas as lojas"
"Presta SMS","Presta SMS"
"presta-sms.com - send SMS from your Prestashop!","presta-sms.com - envie mensagens SMS a partir do seu Prestashop!"
"Admin SMS","Admin SMS"
"Customer SMS","SMS para os clientes"
"SMS Settings","Ajuste de SMS"
"SMS History","História de SMS"
"Purchase Credit","Comprar crédito"
"Marketing SMS","SMS de Marketing"
"SMS Answers","Respostas por SMS "
"Send SMS","Enviar SMS"
"About","Sobre o módulo"
"wrong number or unavailable","Número errado ou indisponível"
"unauthorized senderID in confirmation sms","A identificação do remetente não-autorizado na SMS de confirmação"
"low credit for sending sms","Baixo nível de crédito para o envio de mensagem SMS"
"unicode is not supported","Unicode não é suportado"
"login error","erro de login"
"can not connect to SMS server","Baixo nível de crédito para o envio de mensagem SMS"
"SMS SIMULATION (Sending of SMS was simulated. Recipient will not receive SMS)","SIMULAÇÃO DE SMS (O envio de SMS foi simulado. O destinatário não vai receber a mensagem SMS.)"
"unknown mobile number","número desconhecido"
"not connected to SMS server","Não conectado ao servidor de SMS"
"New orders","Novas encomendas"
"New order from {customer_firstname} {customer_lastname}, customer id: {customer_id}, order id: {order_id}, payment: {order_payment}, amount: {order_total_paid} {order_currency}. Order: {newOrder2}. Info from {shop_name}.","Nova encomenda de {customer_firstname} (customer_lastname}, cliente: {customer_id}, encomenda: {order_id}, Pagamento: {order_payment}, soma: {order_total_paid} {order_currency} . Encomenda: {newOrder2.} Informações de {shop_name}."
"Your order {order_id} was successfully created, payment: {order_payment}, amount: {order_total_paid} {order_currency}. Have a nice day, {shop_name}.","A sua encomenda {order_id} foi criada com sucesso, o pagamento: {order_payment} , soma: {order_total_paid} {order_currency}. Bom dia, {shop_name}.."
"Possible variables:","Parâmetros aplicáveis​​:"
"Successful customer create account","Sucesso da criação da conta de cliente"
"Customer {customer_firstname} {customer_lastname}, id: {customer_id}, has just subscribed to {shop_name}.","Cliente {customer_firstname} {customer_lastname}, id: {customer_id}, acaba de registar-se em {shop_name}."
"Dear {customer_firstname} {customer_lastname}, your account in {shop_name} was successfully created. Your username: {customer_email}. Have a nice day!","Caro/a {customer_firstname} {customer_lastname}, a sua conta em {shop_name} foi criada com sucesso. Nome de usuário: {customer_email}. Bom dia!"
"Product returned","Os produtos devolvidos"
"Customer {customer_firstname} {customer_lastname}, id: {customer_id}, has returned product from order {order_id}. Order: {orderReturn2}. Customer text: {customer_question}. Info from {shop_name}.","O cliente {customer_firstname} {customer_lastname}, id: {customer_id}, devolveu o artigo de encomenda. {order_id}. Encomenda: {orderReturn2}. Mensagem do cliente: {customer_question}. Informações de {shop_name}."
"We have received your request. Order {order_id}. Have a nice day, {shop_name}.","Recebemos o seu pedido. Encomenda {order_id}. Bom dia, {shop_name}."
"Called when a quantity of one product change in an order","Notificação no caso em que altera a quantidade de alguns destes produtos."
"In order {order_id} was changed quantity, {orderSlip2}. Info from {shop_name}.","Na encomenda {order_id} foi modificada a quantidade {orderSlip2}. Informações de {shop_name}."
"In your order {order_id} was changed quantity, {orderSlip2}. Have a nice day, {shop_name}.","Na sua encomenda número {order_id} foi modificada a quantidade, {orderSlip2}. Bom dia{shop_name}."
"Payment confirmation","Confirmação do pagamento"
"Payment confirmation, order id: {order_id}, payment: {order_payment}, amount: {order_total_paid} {order_currency}. Info from {shop_name}.","Confirmação do pagamento, encomenda número: {order_id}, pagamento: {order_payment}, soma: {order_total_paid} {order_currency}. Informações de {shop_name}."
"We have successfully received payment for your order {order_id} via {order_payment}, amount: {order_total_paid} {order_currency}. Have a nice day, {shop_name}.","Temos recebido o pagamento pela sua encomenda {order_id} por meio de {order_payment}, soma: {order_total_paid} {order_currency}. Bom dia, {shop_name}."
"Update of tracking number in order","Atualização da encomenda - número de remessa atribuído pelo transportador"
"Order {order_id} was updated, tracking number is {order_shipping_number}. Info from {shop_name}.","A encomenda n. {order_id} foi atualizada com o número da remessa {order_shipping_number} atribuído pelo transportador. Informações de {shop_name}."
"Dear Customer, your order {order_id} was shipped, tracking number is {order_shipping_number}. Have a nice day, {shop_name}.","Caro cliente, o artigo da sua encomenda n. {order_id} foi enviado, o número da remessa atribuído pelo transportador é {order_shipping_number}. Bom dia, {shop_name}."
"Called when a product is deleted","Exclusão de produto do banco de dados"
"This product was deleted from {shop_name}, id: {product_id}, ref: {product_ref}, name: {product_name}. Deleted by user {employee_id}, {employee_email}.","Este produto foi eliminado de {shop_name}, id: {product_id}, ref: {product_ref}, nome: {product_name}. Eliminado pelo usuário: {employee_id}, {employee_email}."
"Quantity is updated only when the customer effectively place his order","A quantidade é atualizada apenas quando o cliente cria uma encomenda com sucesso"
"Quantity of product has changed, id: {product_id}, ref: {product_ref}, name: {product_name}, current quantity: {product_quantity}, supplier: {product_supplier}. Info from {shop_name}.","A quantidade do produto tem sido alterada, id: {product_id}, ref: {product_ref}, nome: {product_name}, nova quantidade: {product_quantity}, fornecedor: {product_supplier}. Informações de {shop_name}."
"Product out of stock","Este artigo não está em estoque"
"This product is almost out of stock, id: {product_id}, ref: {product_ref}, name: {product_name}, current quantity: {product_quantity}. Info from {shop_name}.","Este artigo está a acabar-se em estoque, id: {product_id}, ref: {product_ref}, nome: {product_name}, quantidade: {product_quantity}. Informações de {shop_name}."
"Called when admin or customer cancel a product in an order","Notificação se o administrador ou o cliente cancela o artigo na encomenda"
"In order {order_id} was canceled product with id: {product_id}, ref: {product_ref}, name: {product_name}. Quantity: {product_quantity}, quantity reinjected: {product_quantity_reinjected}. Info from {shop_name}.","Na encomenda {order_id} foi cancelado o artigo id: {product_id}, ref: {product_ref}, nome: {product_name}, quantidade: {product_quantity}, quantidade cancelada: {product_quantity_reinjected}Informações de {shop_name}."
"Status of order {order_id} has changed to ","O estado da encomenda{order_id} modificou a "
". Info from {shop_name}.",". Informações de {shop_name}."
"Dear Customer, status of your order {order_id} has changed to ","Caro cliente, o estado da sua encomenda {order_id} modificou a "
". Have a nice day, {shop_name}.",". Bom dia, {shop_name}."
"Bank wire","Transferência bancária"
"Company Name","Nome de firma"
"Country","País"
"City","Cidade"
"qty","quantidade"
"qty reinjected","quantidade eliminada"
"qty returned","quantidade devolvida"
"name","nome"
"not found","não encontrado"
"SMS Settings - Select Own number sender ID for ","Ajuste de SMS - Escolha o seu próprio número de remetente para "
"Own number sender ID settings","Ajuste do próprio número de remitente"
"own number sender ID","Próprio número de remitente"
"Existing Own number:","Próprio número existente"
"New Own number sender ID:","Novo próprio número de remitente"
"in international format, no leading <br />zeros or a “+” sign, e.g., 447971796595","no formato internacional, sem zeros ou o sinal “+“, por exemplo, 351931234567"
"SMS code:","código SMS:"
"CONFIRM","CONFIRMAR"
"Required field","preenchimento obrigatório"
"SMS Settings - Select Text sender ID for ","Ajuste de SMS - Selecione o remetente do texto para "
"Text sender ID settings","Ajuste do remetente do texto"
"Existing Text sender ID:","Remetente do texto existente"
"New Text sender ID:","Novo remetente do texto:"
"max. 11 characters","máx. 11 caracteres"
"SMS Settings","Ajuste de SMS"
"Define SMS Sender Type for each country separately (Text sender ID, Own mobile number or System number). SMS price depends on the recipient country, selected SMS sender type and amount of payment. In countries with undefined SMS sender type will be used System number sender type.","Defina o tipo de remetente para cada país. (Remetente do texto, próprio número de telemóvel ou número de sistema). O preço de SMS depende do país do receptor, do tipo de remetente e da quantidade de pagamento. Para os países com o tipo de remetente indefinido vai ser usado o número de sistema."
"Customer SMS settings","Ajuste de SMS para os clientes"
"ADD/CHANGE SELECTED COUNTRY","ADICIONAR/ALTERAR PAÍS ESCOLHIDO"
"SENDER TYPE","TIPO DE REMETENTE"
"NETWORK","REDE"
"SMS PRICE<br />IN CREDITS","PREÇO EM CRÉDITOS"
"SMS PRICE IN EUR (excl. VAT)","PREÇO DE SMS EM EUR (sem IVA)"
"payment","pagamento"
"Unicode ","Unicode "
"Unicode characters support (Unicode allows you to enter characters in all fonts and various symbols simultaneously. Is used for Chinese, Arabic, Greek, Hebrew, Korean, Cyrillic, etc. or diacritic in the text of your SMS message)","Suporte para conjuntos de caracteres Unicode (Unicode permite que você use fontes, símbolos e marcas diferentes simultaneamente. É usado para idiomas como chinês, árabe, grego, hebraico, coreano, etc.)"
"TEXT SENDER ID","NÚMERO DE TEXTO DO REMETENTE"
"Text sender ID","Número de texto do remetente"
"SYSTEM NUMBER","NÚMERO DE SISTEMA"
"OWN NUMBER SENDER ID","PRÓPRIO NÚMERO DO REMETENTE"
"SIM HOSTING","SIM HOSTING"
"UNICODE SUPPORTED","UNICODE SUPORTADO"
"UNICODE NOT SUPPORTED","UNICODE NÃO SUPORTADO"
"SAVE SMS SETTINGS","GUARDAR O AJUSTE DE SMS"
"Are you sure to delete","Tem certeza de que deseja excluir"
"Select country: ","Selecione um país: "
"SMS settings - not active","Ajuste de SMS - inativo"
"User profile is not active! To register click on the SMS tab in the main menu. Module will display you screen for entering registration data. If you have used our module in the past and you know your username and password, fill in form for existing account. Otherwise fill in your email, accept the license terms and click register.","O perfil do usuário não é ativo! Registe-se, clicando na guia SMS no menu principal. Módulo vai mostrar-lhe o formulário de registo. Se você usou este módulo no passado e conhece o seu nome de usuário e a senha, preencha o formulário para uma conta existente. Caso contrário, digite o email, aceite os termos de licença e clique em ""Registar""."
"error","erro"
"can not connect to SMS server","não se pode conectar ao servidor de SMS"
" was deleted."," foi apagado."
"choose sender type","Selecione o tipo de remetente"
" was saved."," foi guardado."
"fill in own number sender ID","Preencha o seu próprio número de remetente"
"own number sender ID must be number","Próprio número de remetente tem que ser número"
"correctly confirm sms code","confirme correctamente o código de sms"
"Own number sender ID for ","Próprio número do remetente para"
" was saved."," foi guardado."
"error - ","erro - "
"login error","erro de login"
"Now retype SMS code.","Agora reescreva o código de sms."
"Now retype SMS code. SMS will be send in next 60 seconds.","Agora reescreva o código de sms. A mensagem SMS será enviada nos próximos 60 segundos."
"error - wrong number or unavailable","erro - número errado ou indisponível"
"error - unauthorized senderID in confirmation sms","erro - identificação do remetente não-autorizado na SMS de confirmação"
"error - low credit for sending validation SMS","baixo nível de crédito para o envio de SMS de validação"
"fill in text sender ID","Preencha o número de texto de remetente"
"fill in text sender ID, 3-11 characters","Preencha o número de texto de remetente, 3-11 caracteres"
"possible characters: ","caracteres utilizáveis: "
"text sender ID can't be number","número de texto do remetente não pode ser número"
"Text sender ID for ","Número de texto do remetente para "
"Admin SMS settings","Ajuste de Admin SMS"
"VALIDATE","VALIDAR"
"SMS validation","validação de SMS"
"Confirmation code: ","Código: "
"Update pricelist","Atualizar o preço"
"e.g.:","por exemplo:"
"Pricelist was successfully updated.","A lista de preços foi atualizada com sucesso."
"edit","editar"
"delete","excluir"
"Your online stores","As suas lojas online"
"SMS opt-out","SMS opt-out"
"SMS opt-out - setting SMS opt-out option from the cart and SMS charging","SMS opt-out - ajuste de anulação de avisos por SMS no carrinho de compras e o pagamento por mensagens SMS"
"Select an online store for which you want to set in the cart option to unsubscribe SMS notifications, setup cost of SMS messages and define the text that is displayed to the customer in the cart.","Selecione uma loja online para a qual você deseja definir que o cliente tenha a possibilidade de anular os avisos SMS no carrinho de compras, defina o preço de mensagens SMS e o texto que o cliente vai ver no carrinho de compras."
"For sending SMS prefer phone nr. from:","Prefere enviar SMS do número de telefone de:"
"invoice address","endereço de cobrança"
"delivery address","endereço de entrega"
"Price of SMS","Preço de mensagens SMS"
"Text displayed in the cart","O texto no carrinho de compras"
"Activate displaying SMS opt-out feature in the cart","Ativa a exibição da função SMS opt-out no carrinho de compras"
"SMS opt-out is ACTIVE","SMS opt-out ATIVO"
"SMS opt-out is NOT ACTIVE. To activate SMS opt-out check the checkbox „Activate displaying SMS opt-out feature in the cart“","SMS opt-out INATIVO. Para ativar SMS opt-out verifique „Ativa a exibição de função SMS opt-out no carrinho de compras“"
"Setting of the SMS opt-out feature was successfully changed","A definição de função SMS opt-out foi alterada com sucesso"
"Price of SMS messages has changed in the following countries:","Câmbio de preço de mensagens SMS nos seguintes países:"
"New version available for download:","Há uma nova versão:"
"Manual:","Manual para o módulo SMS (em inglês):"
"www.presta-sms.com/manual.html","www.sms-prestashop.com/manual.html"
"Supported PrestaShop versions:","Versões suportadas do PrestaShop:"
"1.5.x","1.5.x"
"Contact form","Formulário de Contato"
"Remove duplicate numbers","Remover números duplicados"
"Registration type:","Tipo de inscrição:"
"Personal","Pessoal"
"Business","Empresa"
"Address","Endereço"
"Billing information","Informações de faturamento"
"Contact person","Person contact"
"Enter the name of the company.","Digite o nome da empresa."
"Invalid VAT","IVA inválido"
"Statistics","Estatística"
"Statistics - not active","Estatística - não ativa"
"day","dia"
"Date from:","Data de:"
"to:","a:"
"Mage SMS module 2013-%s, version ","Módulo Mage SMS 2013-%s, a versão "
"Supported Magento versions:","Versões suportadas do Magento:"
"www.mage-sms.com/manual.html","www.mage-sms.com/manual.html"
"www.mage-sms.com","www.mage-sms.com"
"www.mage-sms.com/index.html","www.mage-sms.com/pt/index.html"
"Removed Customers: ","Clientes removido: "
"More...","Mais..."
"Saved Filters","Filtros salvos"
"Save filter","Salve filtro"
"Reset filter","Redefiniçao de filtro"
"Filter Name","Nome do filtro"
"Date","Data"
"Filter has been applied.","Filtro foi aplicado."
"Filter has been saved.","Filtro foi salvo."
"Filter has been reset.","Filtro foi redefinida."
"Are you sure you want to reset the filter?","Tem certeza de que deseja redefinir o filtro?"
"Are you sure you want to remove the filter?","Tem certeza de que deseja remover o filtro?"
"No filter has been found.","O filtro nao foi encontrado."
"Processing...","Processamento..."
"Saved Templates","Templates salvos"
"Save template","Salve template"
"Template Name","Nome do template"
"Template has been loaded.","Template é carregado."
"Template has been saved.","Template foi salvo."
"Are you sure you want to remove the template?","Tem certeza de que deseja remover o template?"
"No template has been found.","Template nao encontrada."
"Virtual operators (MVNO)","Operadores virtuais (MVNO)"
"Select coupon","Selecione um cupom"
"Create coupon","Criar um cupom"
"Please Select","Selecione"
"SIMULATION","SIMULAÇAO"
"DELETED","DELETED"
"SCHEDULED","PROGRAMADO"
"DO NOT DISTURB registry (DND)","DO NOT DISTURB registro (DND)"
"DUPLICATE","DUPLICADO"
"Add recipients in CSV(.csv, .txt) or vCARD(.vcf)","Adicione um destinatário no arquivo CSV (.csv, .txt) ou vCard (.vcf)"
"Returns","Devoluçao"
"We confirm we have received your request to claim the goods.","Confirmaçao da denúncia."
"New claim from customer was received.","Recebido nova reivindicaçao."
"Status of a claim {return_id} has changed to ","O estado da devoluçao {return_id} modificou a "
". Info from {shop_name}.",". Informaçoes de {shop_name}."
"Dear Customer, status of your claim {return_id} has changed to ","Caro cliente, o estado da sua devoluçao {return_id} modificou a "
". Have a nice day, {shop_name}.",". Bom dia, {shop_name}."
"ADD/CHANGE TEXT SENDER ID","ADICIONAR/ALTERAR NÚMERO DE TEXTO"
"Add SMS product to cart:","Adicionar o produto SMS ao carrinho:"
"Automatically","automaticamente"
"Manually","manualmente"
"SMS opt-out - setting Marketing SMS opt-out option for the customer from the user profile","SMS opt-out - setting Marketing SMS opt-out option for the customer from the user profile"
"Activate displaying Marketing SMS opt-out feature in the user profile","Activate displaying Marketing SMS opt-out feature in the user profile"
